levelname_1,levelname_2,levelname_3,levelname_4,levelname_5,levelcode_1,levelcode_2,levelcode_3,levelcode_4,levelcode_5
DERMATOLOGICALS,ANTIFUNGALS FOR DERMATOLOGICAL USE,ANTIFUNGALS FOR TOPICAL USE,Antibiotics,nystatin,QD,QD01,QD01A,QD01AA,QD01AA01
DERMATOLOGICALS,ANTIFUNGALS FOR DERMATOLOGICAL USE,ANTIFUNGALS FOR TOPICAL USE,Antibiotics,natamycin,QD,QD01,QD01A,QD01AA,QD01AA02
DERMATOLOGICALS,ANTIFUNGALS FOR DERMATOLOGICAL USE,ANTIFUNGALS FOR TOPICAL USE,Antibiotics,hachimycin,QD,QD01,QD01A,QD01AA,QD01AA03
DERMATOLOGICALS,ANTIFUNGALS FOR DERMATOLOGICAL USE,ANTIFUNGALS FOR TOPICAL USE,Antibiotics,pecilocin,QD,QD01,QD01A,QD01AA,QD01AA04
DERMATOLOGICALS,ANTIFUNGALS FOR DERMATOLOGICAL USE,ANTIFUNGALS FOR TOPICAL USE,Antibiotics,mepartricin,QD,QD01,QD01A,QD01AA,QD01AA06
DERMATOLOGICALS,ANTIFUNGALS FOR DERMATOLOGICAL USE,ANTIFUNGALS FOR TOPICAL USE,Antibiotics,pyrrolnitrin,QD,QD01,QD01A,QD01AA,QD01AA07
DERMATOLOGICALS,ANTIFUNGALS FOR DERMATOLOGICAL USE,ANTIFUNGALS FOR TOPICAL USE,Antibiotics,griseofulvin,QD,QD01,QD01A,QD01AA,QD01AA08
DERMATOLOGICALS,ANTIFUNGALS FOR DERMATOLOGICAL USE,ANTIFUNGALS FOR TOPICAL USE,Antibiotics,combinations,QD,QD01,QD01A,QD01AA,QD01AA20
DERMATOLOGICALS,ANTIFUNGALS FOR DERMATOLOGICAL USE,ANTIFUNGALS FOR TOPICAL USE,Imidazole and triazole derivatives,clotrimazole,QD,QD01,QD01A,QD01AC,QD01AC01
DERMATOLOGICALS,ANTIFUNGALS FOR DERMATOLOGICAL USE,ANTIFUNGALS FOR TOPICAL USE,Imidazole and triazole derivatives,miconazole,QD,QD01,QD01A,QD01AC,QD01AC02
DERMATOLOGICALS,ANTIFUNGALS FOR DERMATOLOGICAL USE,ANTIFUNGALS FOR TOPICAL USE,Imidazole and triazole derivatives,econazole,QD,QD01,QD01A,QD01AC,QD01AC03
DERMATOLOGICALS,ANTIFUNGALS FOR DERMATOLOGICAL USE,ANTIFUNGALS FOR TOPICAL USE,Imidazole and triazole derivatives,chlormidazole,QD,QD01,QD01A,QD01AC,QD01AC04
DERMATOLOGICALS,ANTIFUNGALS FOR DERMATOLOGICAL USE,ANTIFUNGALS FOR TOPICAL USE,Imidazole and triazole derivatives,isoconazole,QD,QD01,QD01A,QD01AC,QD01AC05
DERMATOLOGICALS,ANTIFUNGALS FOR DERMATOLOGICAL USE,ANTIFUNGALS FOR TOPICAL USE,Imidazole and triazole derivatives,tiabendazole,QD,QD01,QD01A,QD01AC,QD01AC06
DERMATOLOGICALS,ANTIFUNGALS FOR DERMATOLOGICAL USE,ANTIFUNGALS FOR TOPICAL USE,Imidazole and triazole derivatives,tioconazole,QD,QD01,QD01A,QD01AC,QD01AC07
DERMATOLOGICALS,ANTIFUNGALS FOR DERMATOLOGICAL USE,ANTIFUNGALS FOR TOPICAL USE,Imidazole and triazole derivatives,ketoconazole,QD,QD01,QD01A,QD01AC,QD01AC08
DERMATOLOGICALS,ANTIFUNGALS FOR DERMATOLOGICAL USE,ANTIFUNGALS FOR TOPICAL USE,Imidazole and triazole derivatives,sulconazole,QD,QD01,QD01A,QD01AC,QD01AC09
DERMATOLOGICALS,ANTIFUNGALS FOR DERMATOLOGICAL USE,ANTIFUNGALS FOR TOPICAL USE,Imidazole and triazole derivatives,bifonazole,QD,QD01,QD01A,QD01AC,QD01AC10
DERMATOLOGICALS,ANTIFUNGALS FOR DERMATOLOGICAL USE,ANTIFUNGALS FOR TOPICAL USE,Imidazole and triazole derivatives,oxiconazole,QD,QD01,QD01A,QD01AC,QD01AC11
DERMATOLOGICALS,ANTIFUNGALS FOR DERMATOLOGICAL USE,ANTIFUNGALS FOR TOPICAL USE,Imidazole and triazole derivatives,fenticonazole,QD,QD01,QD01A,QD01AC,QD01AC12
DERMATOLOGICALS,ANTIFUNGALS FOR DERMATOLOGICAL USE,ANTIFUNGALS FOR TOPICAL USE,Imidazole and triazole derivatives,omoconazole,QD,QD01,QD01A,QD01AC,QD01AC13
DERMATOLOGICALS,ANTIFUNGALS FOR DERMATOLOGICAL USE,ANTIFUNGALS FOR TOPICAL USE,Imidazole and triazole derivatives,sertaconazole,QD,QD01,QD01A,QD01AC,QD01AC14
DERMATOLOGICALS,ANTIFUNGALS FOR DERMATOLOGICAL USE,ANTIFUNGALS FOR TOPICAL USE,Imidazole and triazole derivatives,fluconazole,QD,QD01,QD01A,QD01AC,QD01AC15
DERMATOLOGICALS,ANTIFUNGALS FOR DERMATOLOGICAL USE,ANTIFUNGALS FOR TOPICAL USE,Imidazole and triazole derivatives,flutrimazole,QD,QD01,QD01A,QD01AC,QD01AC16
DERMATOLOGICALS,ANTIFUNGALS FOR DERMATOLOGICAL USE,ANTIFUNGALS FOR TOPICAL USE,Imidazole and triazole derivatives,eberconazole,QD,QD01,QD01A,QD01AC,QD01AC17
DERMATOLOGICALS,ANTIFUNGALS FOR DERMATOLOGICAL USE,ANTIFUNGALS FOR TOPICAL USE,Imidazole and triazole derivatives,luliconazole,QD,QD01,QD01A,QD01AC,QD01AC18
DERMATOLOGICALS,ANTIFUNGALS FOR DERMATOLOGICAL USE,ANTIFUNGALS FOR TOPICAL USE,Imidazole and triazole derivatives,efinaconazole,QD,QD01,QD01A,QD01AC,QD01AC19
DERMATOLOGICALS,ANTIFUNGALS FOR DERMATOLOGICAL USE,ANTIFUNGALS FOR TOPICAL USE,Imidazole and triazole derivatives,imidazoles/triazoles in combination with corticosteroids,QD,QD01,QD01A,QD01AC,QD01AC20
DERMATOLOGICALS,ANTIFUNGALS FOR DERMATOLOGICAL USE,ANTIFUNGALS FOR TOPICAL USE,Imidazole and triazole derivatives,"miconazole, combinations",QD,QD01,QD01A,QD01AC,QD01AC52
DERMATOLOGICALS,ANTIFUNGALS FOR DERMATOLOGICAL USE,ANTIFUNGALS FOR TOPICAL USE,Imidazole and triazole derivatives,"bifonazole, combinations",QD,QD01,QD01A,QD01AC,QD01AC60
DERMATOLOGICALS,ANTIFUNGALS FOR DERMATOLOGICAL USE,ANTIFUNGALS FOR TOPICAL USE,Imidazole and triazole derivatives,enilconazole,QD,QD01,QD01A,QD01AC,QD01AC90
DERMATOLOGICALS,ANTIFUNGALS FOR DERMATOLOGICAL USE,ANTIFUNGALS FOR TOPICAL USE,Other antifungals for topical use,bromochlorosalicylanilide,QD,QD01,QD01A,QD01AE,QD01AE01
DERMATOLOGICALS,ANTIFUNGALS FOR DERMATOLOGICAL USE,ANTIFUNGALS FOR TOPICAL USE,Other antifungals for topical use,methylrosaniline,QD,QD01,QD01A,QD01AE,QD01AE02
DERMATOLOGICALS,ANTIFUNGALS FOR DERMATOLOGICAL USE,ANTIFUNGALS FOR TOPICAL USE,Other antifungals for topical use,tribromometacresol,QD,QD01,QD01A,QD01AE,QD01AE03
DERMATOLOGICALS,ANTIFUNGALS FOR DERMATOLOGICAL USE,ANTIFUNGALS FOR TOPICAL USE,Other antifungals for topical use,undecylenic acid,QD,QD01,QD01A,QD01AE,QD01AE04
DERMATOLOGICALS,ANTIFUNGALS FOR DERMATOLOGICAL USE,ANTIFUNGALS FOR TOPICAL USE,Other antifungals for topical use,polynoxylin,QD,QD01,QD01A,QD01AE,QD01AE05
DERMATOLOGICALS,ANTIFUNGALS FOR DERMATOLOGICAL USE,ANTIFUNGALS FOR TOPICAL USE,Other antifungals for topical use,2-(4-chlorphenoxy)-ethanol,QD,QD01,QD01A,QD01AE,QD01AE06
DERMATOLOGICALS,ANTIFUNGALS FOR DERMATOLOGICAL USE,ANTIFUNGALS FOR TOPICAL USE,Other antifungals for topical use,chlorphenesin,QD,QD01,QD01A,QD01AE,QD01AE07
DERMATOLOGICALS,ANTIFUNGALS FOR DERMATOLOGICAL USE,ANTIFUNGALS FOR TOPICAL USE,Other antifungals for topical use,ticlatone,QD,QD01,QD01A,QD01AE,QD01AE08
DERMATOLOGICALS,ANTIFUNGALS FOR DERMATOLOGICAL USE,ANTIFUNGALS FOR TOPICAL USE,Other antifungals for topical use,sulbentine,QD,QD01,QD01A,QD01AE,QD01AE09
DERMATOLOGICALS,ANTIFUNGALS FOR DERMATOLOGICAL USE,ANTIFUNGALS FOR TOPICAL USE,Other antifungals for topical use,ethyl hydroxybenzoate,QD,QD01,QD01A,QD01AE,QD01AE10
DERMATOLOGICALS,ANTIFUNGALS FOR DERMATOLOGICAL USE,ANTIFUNGALS FOR TOPICAL USE,Other antifungals for topical use,haloprogin,QD,QD01,QD01A,QD01AE,QD01AE11
DERMATOLOGICALS,ANTIFUNGALS FOR DERMATOLOGICAL USE,ANTIFUNGALS FOR TOPICAL USE,Other antifungals for topical use,salicylic acid,QD,QD01,QD01A,QD01AE,QD01AE12
DERMATOLOGICALS,ANTIFUNGALS FOR DERMATOLOGICAL USE,ANTIFUNGALS FOR TOPICAL USE,Other antifungals for topical use,selenium sulfide,QD,QD01,QD01A,QD01AE,QD01AE13
DERMATOLOGICALS,ANTIFUNGALS FOR DERMATOLOGICAL USE,ANTIFUNGALS FOR TOPICAL USE,Other antifungals for topical use,ciclopirox,QD,QD01,QD01A,QD01AE,QD01AE14
DERMATOLOGICALS,ANTIFUNGALS FOR DERMATOLOGICAL USE,ANTIFUNGALS FOR TOPICAL USE,Other antifungals for topical use,terbinafine,QD,QD01,QD01A,QD01AE,QD01AE15
DERMATOLOGICALS,ANTIFUNGALS FOR DERMATOLOGICAL USE,ANTIFUNGALS FOR TOPICAL USE,Other antifungals for topical use,amorolfine,QD,QD01,QD01A,QD01AE,QD01AE16
DERMATOLOGICALS,ANTIFUNGALS FOR DERMATOLOGICAL USE,ANTIFUNGALS FOR TOPICAL USE,Other antifungals for topical use,dimazole,QD,QD01,QD01A,QD01AE,QD01AE17
DERMATOLOGICALS,ANTIFUNGALS FOR DERMATOLOGICAL USE,ANTIFUNGALS FOR TOPICAL USE,Other antifungals for topical use,tolnaftate,QD,QD01,QD01A,QD01AE,QD01AE18
DERMATOLOGICALS,ANTIFUNGALS FOR DERMATOLOGICAL USE,ANTIFUNGALS FOR TOPICAL USE,Other antifungals for topical use,tolciclate,QD,QD01,QD01A,QD01AE,QD01AE19
DERMATOLOGICALS,ANTIFUNGALS FOR DERMATOLOGICAL USE,ANTIFUNGALS FOR TOPICAL USE,Other antifungals for topical use,combinations,QD,QD01,QD01A,QD01AE,QD01AE20
DERMATOLOGICALS,ANTIFUNGALS FOR DERMATOLOGICAL USE,ANTIFUNGALS FOR TOPICAL USE,Other antifungals for topical use,flucytosine,QD,QD01,QD01A,QD01AE,QD01AE21
DERMATOLOGICALS,ANTIFUNGALS FOR DERMATOLOGICAL USE,ANTIFUNGALS FOR TOPICAL USE,Other antifungals for topical use,naftifine,QD,QD01,QD01A,QD01AE,QD01AE22
DERMATOLOGICALS,ANTIFUNGALS FOR DERMATOLOGICAL USE,ANTIFUNGALS FOR TOPICAL USE,Other antifungals for topical use,butenafine,QD,QD01,QD01A,QD01AE,QD01AE23
DERMATOLOGICALS,ANTIFUNGALS FOR DERMATOLOGICAL USE,ANTIFUNGALS FOR TOPICAL USE,Other antifungals for topical use,tavaborole,QD,QD01,QD01A,QD01AE,QD01AE24
DERMATOLOGICALS,ANTIFUNGALS FOR DERMATOLOGICAL USE,ANTIFUNGALS FOR TOPICAL USE,Other antifungals for topical use,"undecylenic acid, combinations",QD,QD01,QD01A,QD01AE,QD01AE54
DERMATOLOGICALS,ANTIFUNGALS FOR DERMATOLOGICAL USE,ANTIFUNGALS FOR TOPICAL USE,Other antifungals for topical use,bronopol,QD,QD01,QD01A,QD01AE,QD01AE91
DERMATOLOGICALS,ANTIFUNGALS FOR DERMATOLOGICAL USE,ANTIFUNGALS FOR TOPICAL USE,Other antifungals for topical use,bensuldazic acid,QD,QD01,QD01A,QD01AE,QD01AE92
DERMATOLOGICALS,ANTIFUNGALS FOR DERMATOLOGICAL USE,ANTIFUNGALS FOR SYSTEMIC USE,Antifungals for systemic use,griseofulvin,QD,QD01,QD01B,QD01BA,QD01BA01
DERMATOLOGICALS,ANTIFUNGALS FOR DERMATOLOGICAL USE,ANTIFUNGALS FOR SYSTEMIC USE,Antifungals for systemic use,terbinafine,QD,QD01,QD01B,QD01BA,QD01BA02
DERMATOLOGICALS,EMOLLIENTS AND PROTECTIVES,EMOLLIENTS AND PROTECTIVES,Carbamide products,carbamide,QD,QD02,QD02A,QD02AE,QD02AE01
DERMATOLOGICALS,EMOLLIENTS AND PROTECTIVES,EMOLLIENTS AND PROTECTIVES,Carbamide products,"carbamide, combinations",QD,QD02,QD02A,QD02AE,QD02AE51
DERMATOLOGICALS,EMOLLIENTS AND PROTECTIVES,PROTECTIVES AGAINST UV-RADIATION,Protectives against UV-radiation for topical use,aminobenzoic acid,QD,QD02,QD02B,QD02BA,QD02BA01
DERMATOLOGICALS,EMOLLIENTS AND PROTECTIVES,PROTECTIVES AGAINST UV-RADIATION,Protectives against UV-radiation for topical use,octinoxate,QD,QD02,QD02B,QD02BA,QD02BA02
DERMATOLOGICALS,EMOLLIENTS AND PROTECTIVES,PROTECTIVES AGAINST UV-RADIATION,Protectives against UV-radiation for systemic use,betacarotene,QD,QD02,QD02B,QD02BB,QD02BB01
DERMATOLOGICALS,EMOLLIENTS AND PROTECTIVES,PROTECTIVES AGAINST UV-RADIATION,Protectives against UV-radiation for systemic use,afamelanotide,QD,QD02,QD02B,QD02BB,QD02BB02
DERMATOLOGICALS,PREPARATIONS FOR TREATMENT OF WOUNDS AND ULCERS,CICATRIZANTS,Other cicatrizants,cadexomer iodine,QD,QD03,QD03A,QD03AX,QD03AX01
DERMATOLOGICALS,PREPARATIONS FOR TREATMENT OF WOUNDS AND ULCERS,CICATRIZANTS,Other cicatrizants,dextranomer,QD,QD03,QD03A,QD03AX,QD03AX02
DERMATOLOGICALS,PREPARATIONS FOR TREATMENT OF WOUNDS AND ULCERS,CICATRIZANTS,Other cicatrizants,dexpanthenol,QD,QD03,QD03A,QD03AX,QD03AX03
DERMATOLOGICALS,PREPARATIONS FOR TREATMENT OF WOUNDS AND ULCERS,CICATRIZANTS,Other cicatrizants,calcium pantothenate,QD,QD03,QD03A,QD03AX,QD03AX04
DERMATOLOGICALS,PREPARATIONS FOR TREATMENT OF WOUNDS AND ULCERS,CICATRIZANTS,Other cicatrizants,hyaluronic acid,QD,QD03,QD03A,QD03AX,QD03AX05
DERMATOLOGICALS,PREPARATIONS FOR TREATMENT OF WOUNDS AND ULCERS,CICATRIZANTS,Other cicatrizants,becaplermin,QD,QD03,QD03A,QD03AX,QD03AX06
DERMATOLOGICALS,PREPARATIONS FOR TREATMENT OF WOUNDS AND ULCERS,CICATRIZANTS,Other cicatrizants,crilanomer,QD,QD03,QD03A,QD03AX,QD03AX09
DERMATOLOGICALS,PREPARATIONS FOR TREATMENT OF WOUNDS AND ULCERS,CICATRIZANTS,Other cicatrizants,enoxolone,QD,QD03,QD03A,QD03AX,QD03AX10
DERMATOLOGICALS,PREPARATIONS FOR TREATMENT OF WOUNDS AND ULCERS,CICATRIZANTS,Other cicatrizants,sodium chlorite,QD,QD03,QD03A,QD03AX,QD03AX11
DERMATOLOGICALS,PREPARATIONS FOR TREATMENT OF WOUNDS AND ULCERS,CICATRIZANTS,Other cicatrizants,trolamine,QD,QD03,QD03A,QD03AX,QD03AX12
DERMATOLOGICALS,PREPARATIONS FOR TREATMENT OF WOUNDS AND ULCERS,CICATRIZANTS,Other cicatrizants,Betulae cortex,QD,QD03,QD03A,QD03AX,QD03AX13
DERMATOLOGICALS,PREPARATIONS FOR TREATMENT OF WOUNDS AND ULCERS,CICATRIZANTS,Other cicatrizants,Centella asiatica herba,QD,QD03,QD03A,QD03AX,QD03AX14
DERMATOLOGICALS,PREPARATIONS FOR TREATMENT OF WOUNDS AND ULCERS,CICATRIZANTS,Other cicatrizants,ketanserin,QD,QD03,QD03A,QD03AX,QD03AX90
DERMATOLOGICALS,PREPARATIONS FOR TREATMENT OF WOUNDS AND ULCERS,ENZYMES,Proteolytic enzymes,trypsin,QD,QD03,QD03B,QD03BA,QD03BA01
DERMATOLOGICALS,PREPARATIONS FOR TREATMENT OF WOUNDS AND ULCERS,ENZYMES,Proteolytic enzymes,collagenase,QD,QD03,QD03B,QD03BA,QD03BA02
DERMATOLOGICALS,PREPARATIONS FOR TREATMENT OF WOUNDS AND ULCERS,ENZYMES,Proteolytic enzymes,bromelains,QD,QD03,QD03B,QD03BA,QD03BA03
DERMATOLOGICALS,PREPARATIONS FOR TREATMENT OF WOUNDS AND ULCERS,ENZYMES,Proteolytic enzymes,"collagenase, combinations",QD,QD03,QD03B,QD03BA,QD03BA52
DERMATOLOGICALS,"ANTIPRURITICS, INCL. ANTIHISTAMINES, ANESTHETICS, ETC.","ANTIPRURITICS, INCL. ANTIHISTAMINES, ANESTHETICS, ETC.",Antihistamines for topical use,thonzylamine,QD,QD04,QD04A,QD04AA,QD04AA01
DERMATOLOGICALS,"ANTIPRURITICS, INCL. ANTIHISTAMINES, ANESTHETICS, ETC.","ANTIPRURITICS, INCL. ANTIHISTAMINES, ANESTHETICS, ETC.",Antihistamines for topical use,mepyramine,QD,QD04,QD04A,QD04AA,QD04AA02
DERMATOLOGICALS,"ANTIPRURITICS, INCL. ANTIHISTAMINES, ANESTHETICS, ETC.","ANTIPRURITICS, INCL. ANTIHISTAMINES, ANESTHETICS, ETC.",Antihistamines for topical use,thenalidine,QD,QD04,QD04A,QD04AA,QD04AA03
DERMATOLOGICALS,"ANTIPRURITICS, INCL. ANTIHISTAMINES, ANESTHETICS, ETC.","ANTIPRURITICS, INCL. ANTIHISTAMINES, ANESTHETICS, ETC.",Antihistamines for topical use,tripelennamine,QD,QD04,QD04A,QD04AA,QD04AA04
DERMATOLOGICALS,"ANTIPRURITICS, INCL. ANTIHISTAMINES, ANESTHETICS, ETC.","ANTIPRURITICS, INCL. ANTIHISTAMINES, ANESTHETICS, ETC.",Antihistamines for topical use,chloropyramine,QD,QD04,QD04A,QD04AA,QD04AA09
DERMATOLOGICALS,"ANTIPRURITICS, INCL. ANTIHISTAMINES, ANESTHETICS, ETC.","ANTIPRURITICS, INCL. ANTIHISTAMINES, ANESTHETICS, ETC.",Antihistamines for topical use,promethazine,QD,QD04,QD04A,QD04AA,QD04AA10
DERMATOLOGICALS,"ANTIPRURITICS, INCL. ANTIHISTAMINES, ANESTHETICS, ETC.","ANTIPRURITICS, INCL. ANTIHISTAMINES, ANESTHETICS, ETC.",Antihistamines for topical use,tolpropamine,QD,QD04,QD04A,QD04AA,QD04AA12
DERMATOLOGICALS,"ANTIPRURITICS, INCL. ANTIHISTAMINES, ANESTHETICS, ETC.","ANTIPRURITICS, INCL. ANTIHISTAMINES, ANESTHETICS, ETC.",Antihistamines for topical use,dimetindene,QD,QD04,QD04A,QD04AA,QD04AA13
DERMATOLOGICALS,"ANTIPRURITICS, INCL. ANTIHISTAMINES, ANESTHETICS, ETC.","ANTIPRURITICS, INCL. ANTIHISTAMINES, ANESTHETICS, ETC.",Antihistamines for topical use,clemastine,QD,QD04,QD04A,QD04AA,QD04AA14
DERMATOLOGICALS,"ANTIPRURITICS, INCL. ANTIHISTAMINES, ANESTHETICS, ETC.","ANTIPRURITICS, INCL. ANTIHISTAMINES, ANESTHETICS, ETC.",Antihistamines for topical use,bamipine,QD,QD04,QD04A,QD04AA,QD04AA15
DERMATOLOGICALS,"ANTIPRURITICS, INCL. ANTIHISTAMINES, ANESTHETICS, ETC.","ANTIPRURITICS, INCL. ANTIHISTAMINES, ANESTHETICS, ETC.",Antihistamines for topical use,pheniramine,QD,QD04,QD04A,QD04AA,QD04AA16
DERMATOLOGICALS,"ANTIPRURITICS, INCL. ANTIHISTAMINES, ANESTHETICS, ETC.","ANTIPRURITICS, INCL. ANTIHISTAMINES, ANESTHETICS, ETC.",Antihistamines for topical use,isothipendyl,QD,QD04,QD04A,QD04AA,QD04AA22
DERMATOLOGICALS,"ANTIPRURITICS, INCL. ANTIHISTAMINES, ANESTHETICS, ETC.","ANTIPRURITICS, INCL. ANTIHISTAMINES, ANESTHETICS, ETC.",Antihistamines for topical use,diphenhydramine,QD,QD04,QD04A,QD04AA,QD04AA32
DERMATOLOGICALS,"ANTIPRURITICS, INCL. ANTIHISTAMINES, ANESTHETICS, ETC.","ANTIPRURITICS, INCL. ANTIHISTAMINES, ANESTHETICS, ETC.",Antihistamines for topical use,diphenhydramine methylbromide,QD,QD04,QD04A,QD04AA,QD04AA33
DERMATOLOGICALS,"ANTIPRURITICS, INCL. ANTIHISTAMINES, ANESTHETICS, ETC.","ANTIPRURITICS, INCL. ANTIHISTAMINES, ANESTHETICS, ETC.",Antihistamines for topical use,chlorphenoxamine,QD,QD04,QD04A,QD04AA,QD04AA34
DERMATOLOGICALS,"ANTIPRURITICS, INCL. ANTIHISTAMINES, ANESTHETICS, ETC.","ANTIPRURITICS, INCL. ANTIHISTAMINES, ANESTHETICS, ETC.",Anesthetics for topical use,lidocaine,QD,QD04,QD04A,QD04AB,QD04AB01
DERMATOLOGICALS,"ANTIPRURITICS, INCL. ANTIHISTAMINES, ANESTHETICS, ETC.","ANTIPRURITICS, INCL. ANTIHISTAMINES, ANESTHETICS, ETC.",Anesthetics for topical use,cinchocaine,QD,QD04,QD04A,QD04AB,QD04AB02
DERMATOLOGICALS,"ANTIPRURITICS, INCL. ANTIHISTAMINES, ANESTHETICS, ETC.","ANTIPRURITICS, INCL. ANTIHISTAMINES, ANESTHETICS, ETC.",Anesthetics for topical use,oxybuprocaine,QD,QD04,QD04A,QD04AB,QD04AB03
DERMATOLOGICALS,"ANTIPRURITICS, INCL. ANTIHISTAMINES, ANESTHETICS, ETC.","ANTIPRURITICS, INCL. ANTIHISTAMINES, ANESTHETICS, ETC.",Anesthetics for topical use,benzocaine,QD,QD04,QD04A,QD04AB,QD04AB04
DERMATOLOGICALS,"ANTIPRURITICS, INCL. ANTIHISTAMINES, ANESTHETICS, ETC.","ANTIPRURITICS, INCL. ANTIHISTAMINES, ANESTHETICS, ETC.",Anesthetics for topical use,quinisocaine,QD,QD04,QD04A,QD04AB,QD04AB05
DERMATOLOGICALS,"ANTIPRURITICS, INCL. ANTIHISTAMINES, ANESTHETICS, ETC.","ANTIPRURITICS, INCL. ANTIHISTAMINES, ANESTHETICS, ETC.",Anesthetics for topical use,tetracaine,QD,QD04,QD04A,QD04AB,QD04AB06
DERMATOLOGICALS,"ANTIPRURITICS, INCL. ANTIHISTAMINES, ANESTHETICS, ETC.","ANTIPRURITICS, INCL. ANTIHISTAMINES, ANESTHETICS, ETC.",Anesthetics for topical use,pramocaine,QD,QD04,QD04A,QD04AB,QD04AB07
DERMATOLOGICALS,"ANTIPRURITICS, INCL. ANTIHISTAMINES, ANESTHETICS, ETC.","ANTIPRURITICS, INCL. ANTIHISTAMINES, ANESTHETICS, ETC.",Anesthetics for topical use,"lidocaine, combinations",QD,QD04,QD04A,QD04AB,QD04AB51
DERMATOLOGICALS,"ANTIPRURITICS, INCL. ANTIHISTAMINES, ANESTHETICS, ETC.","ANTIPRURITICS, INCL. ANTIHISTAMINES, ANESTHETICS, ETC.",Other antipruritics,doxepin,QD,QD04,QD04A,QD04AX,QD04AX01
DERMATOLOGICALS,DRUGS FOR KERATOSEBORRHEIC DISORDERS (ATC HUMAN: ANTIPSORIATICS),"DRUGS FOR KERATOSEBORRHEIC DISORDERS, TOPICAL USE (ATC HUMAN: ANTIPSORIATICS FOR TOPICAL USE)",Antracen derivatives,dithranol,QD,QD05,QD05A,QD05AC,QD05AC01
DERMATOLOGICALS,DRUGS FOR KERATOSEBORRHEIC DISORDERS (ATC HUMAN: ANTIPSORIATICS),"DRUGS FOR KERATOSEBORRHEIC DISORDERS, TOPICAL USE (ATC HUMAN: ANTIPSORIATICS FOR TOPICAL USE)",Antracen derivatives,"dithranol, combinations",QD,QD05,QD05A,QD05AC,QD05AC51
DERMATOLOGICALS,DRUGS FOR KERATOSEBORRHEIC DISORDERS (ATC HUMAN: ANTIPSORIATICS),"DRUGS FOR KERATOSEBORRHEIC DISORDERS, TOPICAL USE (ATC HUMAN: ANTIPSORIATICS FOR TOPICAL USE)",Psoralens for topical use,trioxysalen,QD,QD05,QD05A,QD05AD,QD05AD01
DERMATOLOGICALS,DRUGS FOR KERATOSEBORRHEIC DISORDERS (ATC HUMAN: ANTIPSORIATICS),"DRUGS FOR KERATOSEBORRHEIC DISORDERS, TOPICAL USE (ATC HUMAN: ANTIPSORIATICS FOR TOPICAL USE)",Psoralens for topical use,methoxsalen,QD,QD05,QD05A,QD05AD,QD05AD02
DERMATOLOGICALS,DRUGS FOR KERATOSEBORRHEIC DISORDERS (ATC HUMAN: ANTIPSORIATICS),"DRUGS FOR KERATOSEBORRHEIC DISORDERS, TOPICAL USE (ATC HUMAN: ANTIPSORIATICS FOR TOPICAL USE)",Other drugs for keratoseborrheic disorders for topical use (ATC human: Antipsoriatics for topical use),fumaric acid,QD,QD05,QD05A,QD05AX,QD05AX01
DERMATOLOGICALS,DRUGS FOR KERATOSEBORRHEIC DISORDERS (ATC HUMAN: ANTIPSORIATICS),"DRUGS FOR KERATOSEBORRHEIC DISORDERS, TOPICAL USE (ATC HUMAN: ANTIPSORIATICS FOR TOPICAL USE)",Other drugs for keratoseborrheic disorders for topical use (ATC human: Antipsoriatics for topical use),calcipotriol,QD,QD05,QD05A,QD05AX,QD05AX02
DERMATOLOGICALS,DRUGS FOR KERATOSEBORRHEIC DISORDERS (ATC HUMAN: ANTIPSORIATICS),"DRUGS FOR KERATOSEBORRHEIC DISORDERS, TOPICAL USE (ATC HUMAN: ANTIPSORIATICS FOR TOPICAL USE)",Other drugs for keratoseborrheic disorders for topical use (ATC human: Antipsoriatics for topical use),calcitriol,QD,QD05,QD05A,QD05AX,QD05AX03
DERMATOLOGICALS,DRUGS FOR KERATOSEBORRHEIC DISORDERS (ATC HUMAN: ANTIPSORIATICS),"DRUGS FOR KERATOSEBORRHEIC DISORDERS, TOPICAL USE (ATC HUMAN: ANTIPSORIATICS FOR TOPICAL USE)",Other drugs for keratoseborrheic disorders for topical use (ATC human: Antipsoriatics for topical use),tacalcitol,QD,QD05,QD05A,QD05AX,QD05AX04
DERMATOLOGICALS,DRUGS FOR KERATOSEBORRHEIC DISORDERS (ATC HUMAN: ANTIPSORIATICS),"DRUGS FOR KERATOSEBORRHEIC DISORDERS, TOPICAL USE (ATC HUMAN: ANTIPSORIATICS FOR TOPICAL USE)",Other drugs for keratoseborrheic disorders for topical use (ATC human: Antipsoriatics for topical use),tazarotene,QD,QD05,QD05A,QD05AX,QD05AX05
DERMATOLOGICALS,DRUGS FOR KERATOSEBORRHEIC DISORDERS (ATC HUMAN: ANTIPSORIATICS),"DRUGS FOR KERATOSEBORRHEIC DISORDERS, TOPICAL USE (ATC HUMAN: ANTIPSORIATICS FOR TOPICAL USE)",Other drugs for keratoseborrheic disorders for topical use (ATC human: Antipsoriatics for topical use),"calcipotriol, combinations",QD,QD05,QD05A,QD05AX,QD05AX52
DERMATOLOGICALS,DRUGS FOR KERATOSEBORRHEIC DISORDERS (ATC HUMAN: ANTIPSORIATICS),"DRUGS FOR KERATOSEBORRHEIC DISORDERS, SYSTEMIC USE (ATC HUMAN: ANTIPSORIATICS FOR SYSTEMIC USE)",Psoralens for systemic use,trioxysalen,QD,QD05,QD05B,QD05BA,QD05BA01
DERMATOLOGICALS,DRUGS FOR KERATOSEBORRHEIC DISORDERS (ATC HUMAN: ANTIPSORIATICS),"DRUGS FOR KERATOSEBORRHEIC DISORDERS, SYSTEMIC USE (ATC HUMAN: ANTIPSORIATICS FOR SYSTEMIC USE)",Psoralens for systemic use,methoxsalen,QD,QD05,QD05B,QD05BA,QD05BA02
DERMATOLOGICALS,DRUGS FOR KERATOSEBORRHEIC DISORDERS (ATC HUMAN: ANTIPSORIATICS),"DRUGS FOR KERATOSEBORRHEIC DISORDERS, SYSTEMIC USE (ATC HUMAN: ANTIPSORIATICS FOR SYSTEMIC USE)",Psoralens for systemic use,bergapten,QD,QD05,QD05B,QD05BA,QD05BA03
DERMATOLOGICALS,DRUGS FOR KERATOSEBORRHEIC DISORDERS (ATC HUMAN: ANTIPSORIATICS),"DRUGS FOR KERATOSEBORRHEIC DISORDERS, SYSTEMIC USE (ATC HUMAN: ANTIPSORIATICS FOR SYSTEMIC USE)",Retinoids for for systemic use,etretinate,QD,QD05,QD05B,QD05BB,QD05BB01
DERMATOLOGICALS,DRUGS FOR KERATOSEBORRHEIC DISORDERS (ATC HUMAN: ANTIPSORIATICS),"DRUGS FOR KERATOSEBORRHEIC DISORDERS, SYSTEMIC USE (ATC HUMAN: ANTIPSORIATICS FOR SYSTEMIC USE)",Retinoids for for systemic use,acitretine,QD,QD05,QD05B,QD05BB,QD05BB02
DERMATOLOGICALS,DRUGS FOR KERATOSEBORRHEIC DISORDERS (ATC HUMAN: ANTIPSORIATICS),"DRUGS FOR KERATOSEBORRHEIC DISORDERS, SYSTEMIC USE (ATC HUMAN: ANTIPSORIATICS FOR SYSTEMIC USE)",Other drugs for keratoseborrheic disorders for systemic use (ATC human: Antipsoriatics for systemic use),"fumaric acid derivatives, combinations",QD,QD05,QD05B,QD05BX,QD05BX51
DERMATOLOGICALS,ANTIBIOTICS AND CHEMOTHERAPEUTICS FOR DERMATOLOGICAL USE,ANTIBIOTICS FOR TOPICAL USE,Tetracycline and derivatives,demeclocycline,QD,QD06,QD06A,QD06AA,QD06AA01
DERMATOLOGICALS,ANTIBIOTICS AND CHEMOTHERAPEUTICS FOR DERMATOLOGICAL USE,ANTIBIOTICS FOR TOPICAL USE,Tetracycline and derivatives,chlortetracycline,QD,QD06,QD06A,QD06AA,QD06AA02
DERMATOLOGICALS,ANTIBIOTICS AND CHEMOTHERAPEUTICS FOR DERMATOLOGICAL USE,ANTIBIOTICS FOR TOPICAL USE,Tetracycline and derivatives,oxytetracycline,QD,QD06,QD06A,QD06AA,QD06AA03
DERMATOLOGICALS,ANTIBIOTICS AND CHEMOTHERAPEUTICS FOR DERMATOLOGICAL USE,ANTIBIOTICS FOR TOPICAL USE,Tetracycline and derivatives,tetracycline,QD,QD06,QD06A,QD06AA,QD06AA04
DERMATOLOGICALS,ANTIBIOTICS AND CHEMOTHERAPEUTICS FOR DERMATOLOGICAL USE,ANTIBIOTICS FOR TOPICAL USE,Tetracycline and derivatives,"chlortetracycline, combinations",QD,QD06,QD06A,QD06AA,QD06AA52
DERMATOLOGICALS,ANTIBIOTICS AND CHEMOTHERAPEUTICS FOR DERMATOLOGICAL USE,ANTIBIOTICS FOR TOPICAL USE,Tetracycline and derivatives,"oxytetracycline, combinations",QD,QD06,QD06A,QD06AA,QD06AA53
DERMATOLOGICALS,ANTIBIOTICS AND CHEMOTHERAPEUTICS FOR DERMATOLOGICAL USE,ANTIBIOTICS FOR TOPICAL USE,Tetracycline and derivatives,"tetracycline, combinations",QD,QD06,QD06A,QD06AA,QD06AA54
DERMATOLOGICALS,ANTIBIOTICS AND CHEMOTHERAPEUTICS FOR DERMATOLOGICAL USE,ANTIBIOTICS FOR TOPICAL USE,Other antibiotics for topical use,fusidic acid,QD,QD06,QD06A,QD06AX,QD06AX01
DERMATOLOGICALS,ANTIBIOTICS AND CHEMOTHERAPEUTICS FOR DERMATOLOGICAL USE,ANTIBIOTICS FOR TOPICAL USE,Other antibiotics for topical use,chloramphenicol,QD,QD06,QD06A,QD06AX,QD06AX02
DERMATOLOGICALS,ANTIBIOTICS AND CHEMOTHERAPEUTICS FOR DERMATOLOGICAL USE,ANTIBIOTICS FOR TOPICAL USE,Other antibiotics for topical use,neomycin,QD,QD06,QD06A,QD06AX,QD06AX04
DERMATOLOGICALS,ANTIBIOTICS AND CHEMOTHERAPEUTICS FOR DERMATOLOGICAL USE,ANTIBIOTICS FOR TOPICAL USE,Other antibiotics for topical use,bacitracin,QD,QD06,QD06A,QD06AX,QD06AX05
DERMATOLOGICALS,ANTIBIOTICS AND CHEMOTHERAPEUTICS FOR DERMATOLOGICAL USE,ANTIBIOTICS FOR TOPICAL USE,Other antibiotics for topical use,gentamicin,QD,QD06,QD06A,QD06AX,QD06AX07
DERMATOLOGICALS,ANTIBIOTICS AND CHEMOTHERAPEUTICS FOR DERMATOLOGICAL USE,ANTIBIOTICS FOR TOPICAL USE,Other antibiotics for topical use,tyrothricin,QD,QD06,QD06A,QD06AX,QD06AX08
DERMATOLOGICALS,ANTIBIOTICS AND CHEMOTHERAPEUTICS FOR DERMATOLOGICAL USE,ANTIBIOTICS FOR TOPICAL USE,Other antibiotics for topical use,mupirocin,QD,QD06,QD06A,QD06AX,QD06AX09
DERMATOLOGICALS,ANTIBIOTICS AND CHEMOTHERAPEUTICS FOR DERMATOLOGICAL USE,ANTIBIOTICS FOR TOPICAL USE,Other antibiotics for topical use,virginiamycin,QD,QD06,QD06A,QD06AX,QD06AX10
DERMATOLOGICALS,ANTIBIOTICS AND CHEMOTHERAPEUTICS FOR DERMATOLOGICAL USE,ANTIBIOTICS FOR TOPICAL USE,Other antibiotics for topical use,rifaximin,QD,QD06,QD06A,QD06AX,QD06AX11
DERMATOLOGICALS,ANTIBIOTICS AND CHEMOTHERAPEUTICS FOR DERMATOLOGICAL USE,ANTIBIOTICS FOR TOPICAL USE,Other antibiotics for topical use,amikacin,QD,QD06,QD06A,QD06AX,QD06AX12
DERMATOLOGICALS,ANTIBIOTICS AND CHEMOTHERAPEUTICS FOR DERMATOLOGICAL USE,ANTIBIOTICS FOR TOPICAL USE,Other antibiotics for topical use,retapamulin,QD,QD06,QD06A,QD06AX,QD06AX13
DERMATOLOGICALS,ANTIBIOTICS AND CHEMOTHERAPEUTICS FOR DERMATOLOGICAL USE,ANTIBIOTICS FOR TOPICAL USE,Other antibiotics for topical use,ozenoxacin,QD,QD06,QD06A,QD06AX,QD06AX14
DERMATOLOGICALS,ANTIBIOTICS AND CHEMOTHERAPEUTICS FOR DERMATOLOGICAL USE,ANTIBIOTICS FOR TOPICAL USE,Other antibiotics for topical use,rifamycin,QD,QD06,QD06A,QD06AX,QD06AX15
DERMATOLOGICALS,ANTIBIOTICS AND CHEMOTHERAPEUTICS FOR DERMATOLOGICAL USE,ANTIBIOTICS FOR TOPICAL USE,Other antibiotics for topical use,"other antibiotics for topical use, combinations",QD,QD06,QD06A,QD06AX,QD06AX99
DERMATOLOGICALS,ANTIBIOTICS AND CHEMOTHERAPEUTICS FOR DERMATOLOGICAL USE,CHEMOTHERAPEUTICS FOR TOPICAL USE,Sulfonamides,silver sulfadiazine,QD,QD06,QD06B,QD06BA,QD06BA01
DERMATOLOGICALS,ANTIBIOTICS AND CHEMOTHERAPEUTICS FOR DERMATOLOGICAL USE,CHEMOTHERAPEUTICS FOR TOPICAL USE,Sulfonamides,sulfathiazole,QD,QD06,QD06B,QD06BA,QD06BA02
DERMATOLOGICALS,ANTIBIOTICS AND CHEMOTHERAPEUTICS FOR DERMATOLOGICAL USE,CHEMOTHERAPEUTICS FOR TOPICAL USE,Sulfonamides,mafenide,QD,QD06,QD06B,QD06BA,QD06BA03
DERMATOLOGICALS,ANTIBIOTICS AND CHEMOTHERAPEUTICS FOR DERMATOLOGICAL USE,CHEMOTHERAPEUTICS FOR TOPICAL USE,Sulfonamides,sulfamethizole,QD,QD06,QD06B,QD06BA,QD06BA04
DERMATOLOGICALS,ANTIBIOTICS AND CHEMOTHERAPEUTICS FOR DERMATOLOGICAL USE,CHEMOTHERAPEUTICS FOR TOPICAL USE,Sulfonamides,sulfanilamide,QD,QD06,QD06B,QD06BA,QD06BA05
DERMATOLOGICALS,ANTIBIOTICS AND CHEMOTHERAPEUTICS FOR DERMATOLOGICAL USE,CHEMOTHERAPEUTICS FOR TOPICAL USE,Sulfonamides,sulfamerazine,QD,QD06,QD06B,QD06BA,QD06BA06
DERMATOLOGICALS,ANTIBIOTICS AND CHEMOTHERAPEUTICS FOR DERMATOLOGICAL USE,CHEMOTHERAPEUTICS FOR TOPICAL USE,Sulfonamides,combinations of chemotherapeutics for topical use,QD,QD06,QD06B,QD06BA,QD06BA30
DERMATOLOGICALS,ANTIBIOTICS AND CHEMOTHERAPEUTICS FOR DERMATOLOGICAL USE,CHEMOTHERAPEUTICS FOR TOPICAL USE,Sulfonamides,"silver sulfadiazine, combinations",QD,QD06,QD06B,QD06BA,QD06BA51
DERMATOLOGICALS,ANTIBIOTICS AND CHEMOTHERAPEUTICS FOR DERMATOLOGICAL USE,CHEMOTHERAPEUTICS FOR TOPICAL USE,Sulfonamides,"mafenide, combinations",QD,QD06,QD06B,QD06BA,QD06BA53
DERMATOLOGICALS,ANTIBIOTICS AND CHEMOTHERAPEUTICS FOR DERMATOLOGICAL USE,CHEMOTHERAPEUTICS FOR TOPICAL USE,Sulfonamides,formosulfathiazole,QD,QD06,QD06B,QD06BA,QD06BA90
DERMATOLOGICALS,ANTIBIOTICS AND CHEMOTHERAPEUTICS FOR DERMATOLOGICAL USE,CHEMOTHERAPEUTICS FOR TOPICAL USE,Sulfonamides,"sulfonamides, combinations",QD,QD06,QD06B,QD06BA,QD06BA99
DERMATOLOGICALS,ANTIBIOTICS AND CHEMOTHERAPEUTICS FOR DERMATOLOGICAL USE,CHEMOTHERAPEUTICS FOR TOPICAL USE,Antivirals,idoxuridine,QD,QD06,QD06B,QD06BB,QD06BB01
DERMATOLOGICALS,ANTIBIOTICS AND CHEMOTHERAPEUTICS FOR DERMATOLOGICAL USE,CHEMOTHERAPEUTICS FOR TOPICAL USE,Antivirals,tromantadine,QD,QD06,QD06B,QD06BB,QD06BB02
DERMATOLOGICALS,ANTIBIOTICS AND CHEMOTHERAPEUTICS FOR DERMATOLOGICAL USE,CHEMOTHERAPEUTICS FOR TOPICAL USE,Antivirals,aciclovir,QD,QD06,QD06B,QD06BB,QD06BB03
DERMATOLOGICALS,ANTIBIOTICS AND CHEMOTHERAPEUTICS FOR DERMATOLOGICAL USE,CHEMOTHERAPEUTICS FOR TOPICAL USE,Antivirals,podophyllotoxin,QD,QD06,QD06B,QD06BB,QD06BB04
DERMATOLOGICALS,ANTIBIOTICS AND CHEMOTHERAPEUTICS FOR DERMATOLOGICAL USE,CHEMOTHERAPEUTICS FOR TOPICAL USE,Antivirals,inosine,QD,QD06,QD06B,QD06BB,QD06BB05
DERMATOLOGICALS,ANTIBIOTICS AND CHEMOTHERAPEUTICS FOR DERMATOLOGICAL USE,CHEMOTHERAPEUTICS FOR TOPICAL USE,Antivirals,penciclovir,QD,QD06,QD06B,QD06BB,QD06BB06
DERMATOLOGICALS,ANTIBIOTICS AND CHEMOTHERAPEUTICS FOR DERMATOLOGICAL USE,CHEMOTHERAPEUTICS FOR TOPICAL USE,Antivirals,lysozyme,QD,QD06,QD06B,QD06BB,QD06BB07
DERMATOLOGICALS,ANTIBIOTICS AND CHEMOTHERAPEUTICS FOR DERMATOLOGICAL USE,CHEMOTHERAPEUTICS FOR TOPICAL USE,Antivirals,ibacitabine,QD,QD06,QD06B,QD06BB,QD06BB08
DERMATOLOGICALS,ANTIBIOTICS AND CHEMOTHERAPEUTICS FOR DERMATOLOGICAL USE,CHEMOTHERAPEUTICS FOR TOPICAL USE,Antivirals,edoxudine,QD,QD06,QD06B,QD06BB,QD06BB09
DERMATOLOGICALS,ANTIBIOTICS AND CHEMOTHERAPEUTICS FOR DERMATOLOGICAL USE,CHEMOTHERAPEUTICS FOR TOPICAL USE,Antivirals,imiquimod,QD,QD06,QD06B,QD06BB,QD06BB10
DERMATOLOGICALS,ANTIBIOTICS AND CHEMOTHERAPEUTICS FOR DERMATOLOGICAL USE,CHEMOTHERAPEUTICS FOR TOPICAL USE,Antivirals,docosanol,QD,QD06,QD06B,QD06BB,QD06BB11
DERMATOLOGICALS,ANTIBIOTICS AND CHEMOTHERAPEUTICS FOR DERMATOLOGICAL USE,CHEMOTHERAPEUTICS FOR TOPICAL USE,Antivirals,sinecatechins,QD,QD06,QD06B,QD06BB,QD06BB12
DERMATOLOGICALS,ANTIBIOTICS AND CHEMOTHERAPEUTICS FOR DERMATOLOGICAL USE,CHEMOTHERAPEUTICS FOR TOPICAL USE,Antivirals,"aciclovir, combinations",QD,QD06,QD06B,QD06BB,QD06BB53
DERMATOLOGICALS,ANTIBIOTICS AND CHEMOTHERAPEUTICS FOR DERMATOLOGICAL USE,CHEMOTHERAPEUTICS FOR TOPICAL USE,Other chemotherapeutics,metronidazole,QD,QD06,QD06B,QD06BX,QD06BX01
DERMATOLOGICALS,ANTIBIOTICS AND CHEMOTHERAPEUTICS FOR DERMATOLOGICAL USE,CHEMOTHERAPEUTICS FOR TOPICAL USE,Other chemotherapeutics,ingenol mebutate,QD,QD06,QD06B,QD06BX,QD06BX02
DERMATOLOGICALS,"CORTICOSTEROIDS, DERMATOLOGICAL PREPARATIONS","CORTICOSTEROIDS, PLAIN","Corticosteroids, weak (group I)",methylprednisolone,QD,QD07,QD07A,QD07AA,QD07AA01
DERMATOLOGICALS,"CORTICOSTEROIDS, DERMATOLOGICAL PREPARATIONS","CORTICOSTEROIDS, PLAIN","Corticosteroids, weak (group I)",hydrocortisone,QD,QD07,QD07A,QD07AA,QD07AA02
DERMATOLOGICALS,"CORTICOSTEROIDS, DERMATOLOGICAL PREPARATIONS","CORTICOSTEROIDS, PLAIN","Corticosteroids, weak (group I)",prednisolone,QD,QD07,QD07A,QD07AA,QD07AA03
DERMATOLOGICALS,"CORTICOSTEROIDS, DERMATOLOGICAL PREPARATIONS","CORTICOSTEROIDS, PLAIN","Corticosteroids, moderately potent (group II)",clobetasone,QD,QD07,QD07A,QD07AB,QD07AB01
DERMATOLOGICALS,"CORTICOSTEROIDS, DERMATOLOGICAL PREPARATIONS","CORTICOSTEROIDS, PLAIN","Corticosteroids, moderately potent (group II)",hydrocortisone butyrate,QD,QD07,QD07A,QD07AB,QD07AB02
DERMATOLOGICALS,"CORTICOSTEROIDS, DERMATOLOGICAL PREPARATIONS","CORTICOSTEROIDS, PLAIN","Corticosteroids, moderately potent (group II)",flumetasone,QD,QD07,QD07A,QD07AB,QD07AB03
DERMATOLOGICALS,"CORTICOSTEROIDS, DERMATOLOGICAL PREPARATIONS","CORTICOSTEROIDS, PLAIN","Corticosteroids, moderately potent (group II)",fluocortin,QD,QD07,QD07A,QD07AB,QD07AB04
DERMATOLOGICALS,"CORTICOSTEROIDS, DERMATOLOGICAL PREPARATIONS","CORTICOSTEROIDS, PLAIN","Corticosteroids, moderately potent (group II)",fluperolone,QD,QD07,QD07A,QD07AB,QD07AB05
DERMATOLOGICALS,"CORTICOSTEROIDS, DERMATOLOGICAL PREPARATIONS","CORTICOSTEROIDS, PLAIN","Corticosteroids, moderately potent (group II)",fluorometholone,QD,QD07,QD07A,QD07AB,QD07AB06
DERMATOLOGICALS,"CORTICOSTEROIDS, DERMATOLOGICAL PREPARATIONS","CORTICOSTEROIDS, PLAIN","Corticosteroids, moderately potent (group II)",fluprednidene,QD,QD07,QD07A,QD07AB,QD07AB07
DERMATOLOGICALS,"CORTICOSTEROIDS, DERMATOLOGICAL PREPARATIONS","CORTICOSTEROIDS, PLAIN","Corticosteroids, moderately potent (group II)",desonide,QD,QD07,QD07A,QD07AB,QD07AB08
DERMATOLOGICALS,"CORTICOSTEROIDS, DERMATOLOGICAL PREPARATIONS","CORTICOSTEROIDS, PLAIN","Corticosteroids, moderately potent (group II)",triamcinolone,QD,QD07,QD07A,QD07AB,QD07AB09
DERMATOLOGICALS,"CORTICOSTEROIDS, DERMATOLOGICAL PREPARATIONS","CORTICOSTEROIDS, PLAIN","Corticosteroids, moderately potent (group II)",alclometasone,QD,QD07,QD07A,QD07AB,QD07AB10
DERMATOLOGICALS,"CORTICOSTEROIDS, DERMATOLOGICAL PREPARATIONS","CORTICOSTEROIDS, PLAIN","Corticosteroids, moderately potent (group II)",hydrocortisone buteprate,QD,QD07,QD07A,QD07AB,QD07AB11
DERMATOLOGICALS,"CORTICOSTEROIDS, DERMATOLOGICAL PREPARATIONS","CORTICOSTEROIDS, PLAIN","Corticosteroids, moderately potent (group II)",dexamethasone,QD,QD07,QD07A,QD07AB,QD07AB19
DERMATOLOGICALS,"CORTICOSTEROIDS, DERMATOLOGICAL PREPARATIONS","CORTICOSTEROIDS, PLAIN","Corticosteroids, moderately potent (group II)",clocortolone,QD,QD07,QD07A,QD07AB,QD07AB21
DERMATOLOGICALS,"CORTICOSTEROIDS, DERMATOLOGICAL PREPARATIONS","CORTICOSTEROIDS, PLAIN","Corticosteroids, moderately potent (group II)",combinations of corticosteroids,QD,QD07,QD07A,QD07AB,QD07AB30
DERMATOLOGICALS,"CORTICOSTEROIDS, DERMATOLOGICAL PREPARATIONS","CORTICOSTEROIDS, PLAIN","Corticosteroids, potent (group III)",betamethasone,QD,QD07,QD07A,QD07AC,QD07AC01
DERMATOLOGICALS,"CORTICOSTEROIDS, DERMATOLOGICAL PREPARATIONS","CORTICOSTEROIDS, PLAIN","Corticosteroids, potent (group III)",fluclorolone,QD,QD07,QD07A,QD07AC,QD07AC02
DERMATOLOGICALS,"CORTICOSTEROIDS, DERMATOLOGICAL PREPARATIONS","CORTICOSTEROIDS, PLAIN","Corticosteroids, potent (group III)",desoximetasone,QD,QD07,QD07A,QD07AC,QD07AC03
DERMATOLOGICALS,"CORTICOSTEROIDS, DERMATOLOGICAL PREPARATIONS","CORTICOSTEROIDS, PLAIN","Corticosteroids, potent (group III)",fluocinolone acetonide,QD,QD07,QD07A,QD07AC,QD07AC04
DERMATOLOGICALS,"CORTICOSTEROIDS, DERMATOLOGICAL PREPARATIONS","CORTICOSTEROIDS, PLAIN","Corticosteroids, potent (group III)",fluocortolone,QD,QD07,QD07A,QD07AC,QD07AC05
DERMATOLOGICALS,"CORTICOSTEROIDS, DERMATOLOGICAL PREPARATIONS","CORTICOSTEROIDS, PLAIN","Corticosteroids, potent (group III)",diflucortolone,QD,QD07,QD07A,QD07AC,QD07AC06
DERMATOLOGICALS,"CORTICOSTEROIDS, DERMATOLOGICAL PREPARATIONS","CORTICOSTEROIDS, PLAIN","Corticosteroids, potent (group III)",fludroxycortide,QD,QD07,QD07A,QD07AC,QD07AC07
DERMATOLOGICALS,"CORTICOSTEROIDS, DERMATOLOGICAL PREPARATIONS","CORTICOSTEROIDS, PLAIN","Corticosteroids, potent (group III)",fluocinonide,QD,QD07,QD07A,QD07AC,QD07AC08
DERMATOLOGICALS,"CORTICOSTEROIDS, DERMATOLOGICAL PREPARATIONS","CORTICOSTEROIDS, PLAIN","Corticosteroids, potent (group III)",budesonide,QD,QD07,QD07A,QD07AC,QD07AC09
DERMATOLOGICALS,"CORTICOSTEROIDS, DERMATOLOGICAL PREPARATIONS","CORTICOSTEROIDS, PLAIN","Corticosteroids, potent (group III)",diflorasone,QD,QD07,QD07A,QD07AC,QD07AC10
DERMATOLOGICALS,"CORTICOSTEROIDS, DERMATOLOGICAL PREPARATIONS","CORTICOSTEROIDS, PLAIN","Corticosteroids, potent (group III)",amcinonide,QD,QD07,QD07A,QD07AC,QD07AC11
DERMATOLOGICALS,"CORTICOSTEROIDS, DERMATOLOGICAL PREPARATIONS","CORTICOSTEROIDS, PLAIN","Corticosteroids, potent (group III)",halometasone,QD,QD07,QD07A,QD07AC,QD07AC12
DERMATOLOGICALS,"CORTICOSTEROIDS, DERMATOLOGICAL PREPARATIONS","CORTICOSTEROIDS, PLAIN","Corticosteroids, potent (group III)",mometasone,QD,QD07,QD07A,QD07AC,QD07AC13
DERMATOLOGICALS,"CORTICOSTEROIDS, DERMATOLOGICAL PREPARATIONS","CORTICOSTEROIDS, PLAIN","Corticosteroids, potent (group III)",methylprednisolone aceponate,QD,QD07,QD07A,QD07AC,QD07AC14
DERMATOLOGICALS,"CORTICOSTEROIDS, DERMATOLOGICAL PREPARATIONS","CORTICOSTEROIDS, PLAIN","Corticosteroids, potent (group III)",beclometasone,QD,QD07,QD07A,QD07AC,QD07AC15
DERMATOLOGICALS,"CORTICOSTEROIDS, DERMATOLOGICAL PREPARATIONS","CORTICOSTEROIDS, PLAIN","Corticosteroids, potent (group III)",hydrocortisone aceponate,QD,QD07,QD07A,QD07AC,QD07AC16
DERMATOLOGICALS,"CORTICOSTEROIDS, DERMATOLOGICAL PREPARATIONS","CORTICOSTEROIDS, PLAIN","Corticosteroids, potent (group III)",fluticasone,QD,QD07,QD07A,QD07AC,QD07AC17
DERMATOLOGICALS,"CORTICOSTEROIDS, DERMATOLOGICAL PREPARATIONS","CORTICOSTEROIDS, PLAIN","Corticosteroids, potent (group III)",prednicarbate,QD,QD07,QD07A,QD07AC,QD07AC18
DERMATOLOGICALS,"CORTICOSTEROIDS, DERMATOLOGICAL PREPARATIONS","CORTICOSTEROIDS, PLAIN","Corticosteroids, potent (group III)",difluprednate,QD,QD07,QD07A,QD07AC,QD07AC19
DERMATOLOGICALS,"CORTICOSTEROIDS, DERMATOLOGICAL PREPARATIONS","CORTICOSTEROIDS, PLAIN","Corticosteroids, potent (group III)",ulobetasol,QD,QD07,QD07A,QD07AC,QD07AC21
DERMATOLOGICALS,"CORTICOSTEROIDS, DERMATOLOGICAL PREPARATIONS","CORTICOSTEROIDS, PLAIN","Corticosteroids, potent (group III)",resocortol butyrate,QD,QD07,QD07A,QD07AC,QD07AC90
DERMATOLOGICALS,"CORTICOSTEROIDS, DERMATOLOGICAL PREPARATIONS","CORTICOSTEROIDS, PLAIN","Corticosteroids, very potent (group IV)",clobetasol,QD,QD07,QD07A,QD07AD,QD07AD01
DERMATOLOGICALS,"CORTICOSTEROIDS, DERMATOLOGICAL PREPARATIONS","CORTICOSTEROIDS, PLAIN","Corticosteroids, very potent (group IV)",halcinonide,QD,QD07,QD07A,QD07AD,QD07AD02
DERMATOLOGICALS,"CORTICOSTEROIDS, DERMATOLOGICAL PREPARATIONS","CORTICOSTEROIDS, COMBINATIONS WITH ANTISEPTICS","Corticosteroids, weak, combinations with antiseptics",prednisolone and antiseptics,QD,QD07,QD07B,QD07BA,QD07BA01
DERMATOLOGICALS,"CORTICOSTEROIDS, DERMATOLOGICAL PREPARATIONS","CORTICOSTEROIDS, COMBINATIONS WITH ANTISEPTICS","Corticosteroids, weak, combinations with antiseptics",hydrocortisone and antiseptics,QD,QD07,QD07B,QD07BA,QD07BA04
DERMATOLOGICALS,"CORTICOSTEROIDS, DERMATOLOGICAL PREPARATIONS","CORTICOSTEROIDS, COMBINATIONS WITH ANTISEPTICS","Corticosteroids, moderately potent, combinations with antiseptics",flumetasone and antiseptics,QD,QD07,QD07B,QD07BB,QD07BB01
DERMATOLOGICALS,"CORTICOSTEROIDS, DERMATOLOGICAL PREPARATIONS","CORTICOSTEROIDS, COMBINATIONS WITH ANTISEPTICS","Corticosteroids, moderately potent, combinations with antiseptics",desonide and antiseptics,QD,QD07,QD07B,QD07BB,QD07BB02
DERMATOLOGICALS,"CORTICOSTEROIDS, DERMATOLOGICAL PREPARATIONS","CORTICOSTEROIDS, COMBINATIONS WITH ANTISEPTICS","Corticosteroids, moderately potent, combinations with antiseptics",triamcinolone and antiseptics,QD,QD07,QD07B,QD07BB,QD07BB03
DERMATOLOGICALS,"CORTICOSTEROIDS, DERMATOLOGICAL PREPARATIONS","CORTICOSTEROIDS, COMBINATIONS WITH ANTISEPTICS","Corticosteroids, moderately potent, combinations with antiseptics",hydrocortisone butyrate and antiseptics,QD,QD07,QD07B,QD07BB,QD07BB04
DERMATOLOGICALS,"CORTICOSTEROIDS, DERMATOLOGICAL PREPARATIONS","CORTICOSTEROIDS, COMBINATIONS WITH ANTISEPTICS","Corticosteroids, potent, combinations with antiseptics",betamethasone and antiseptics,QD,QD07,QD07B,QD07BC,QD07BC01
DERMATOLOGICALS,"CORTICOSTEROIDS, DERMATOLOGICAL PREPARATIONS","CORTICOSTEROIDS, COMBINATIONS WITH ANTISEPTICS","Corticosteroids, potent, combinations with antiseptics",fluocinolone acetonide and antiseptics,QD,QD07,QD07B,QD07BC,QD07BC02
DERMATOLOGICALS,"CORTICOSTEROIDS, DERMATOLOGICAL PREPARATIONS","CORTICOSTEROIDS, COMBINATIONS WITH ANTISEPTICS","Corticosteroids, potent, combinations with antiseptics",fluocortolone and antiseptics,QD,QD07,QD07B,QD07BC,QD07BC03
DERMATOLOGICALS,"CORTICOSTEROIDS, DERMATOLOGICAL PREPARATIONS","CORTICOSTEROIDS, COMBINATIONS WITH ANTISEPTICS","Corticosteroids, potent, combinations with antiseptics",diflucortolone and antiseptics,QD,QD07,QD07B,QD07BC,QD07BC04
DERMATOLOGICALS,"CORTICOSTEROIDS, DERMATOLOGICAL PREPARATIONS","CORTICOSTEROIDS, COMBINATIONS WITH ANTIBIOTICS","Corticosteroids, weak, combinations with antibiotics",hydrocortisone and antibiotics,QD,QD07,QD07C,QD07CA,QD07CA01
DERMATOLOGICALS,"CORTICOSTEROIDS, DERMATOLOGICAL PREPARATIONS","CORTICOSTEROIDS, COMBINATIONS WITH ANTIBIOTICS","Corticosteroids, weak, combinations with antibiotics",methylprednisolone and antibiotics,QD,QD07,QD07C,QD07CA,QD07CA02
DERMATOLOGICALS,"CORTICOSTEROIDS, DERMATOLOGICAL PREPARATIONS","CORTICOSTEROIDS, COMBINATIONS WITH ANTIBIOTICS","Corticosteroids, weak, combinations with antibiotics",prednisolone and antibiotics,QD,QD07,QD07C,QD07CA,QD07CA03
DERMATOLOGICALS,"CORTICOSTEROIDS, DERMATOLOGICAL PREPARATIONS","CORTICOSTEROIDS, COMBINATIONS WITH ANTIBIOTICS","Corticosteroids, moderately potent, combinations with antibiotics",triamcinolone and antibiotics,QD,QD07,QD07C,QD07CB,QD07CB01
DERMATOLOGICALS,"CORTICOSTEROIDS, DERMATOLOGICAL PREPARATIONS","CORTICOSTEROIDS, COMBINATIONS WITH ANTIBIOTICS","Corticosteroids, moderately potent, combinations with antibiotics",fluprednidene and antibiotics,QD,QD07,QD07C,QD07CB,QD07CB02
DERMATOLOGICALS,"CORTICOSTEROIDS, DERMATOLOGICAL PREPARATIONS","CORTICOSTEROIDS, COMBINATIONS WITH ANTIBIOTICS","Corticosteroids, moderately potent, combinations with antibiotics",fluorometholone and antibiotics,QD,QD07,QD07C,QD07CB,QD07CB03
DERMATOLOGICALS,"CORTICOSTEROIDS, DERMATOLOGICAL PREPARATIONS","CORTICOSTEROIDS, COMBINATIONS WITH ANTIBIOTICS","Corticosteroids, moderately potent, combinations with antibiotics",dexamethasone and antibiotics,QD,QD07,QD07C,QD07CB,QD07CB04
DERMATOLOGICALS,"CORTICOSTEROIDS, DERMATOLOGICAL PREPARATIONS","CORTICOSTEROIDS, COMBINATIONS WITH ANTIBIOTICS","Corticosteroids, moderately potent, combinations with antibiotics",flumetasone and antibiotics,QD,QD07,QD07C,QD07CB,QD07CB05
DERMATOLOGICALS,"CORTICOSTEROIDS, DERMATOLOGICAL PREPARATIONS","CORTICOSTEROIDS, COMBINATIONS WITH ANTIBIOTICS","Corticosteroids, potent, combinations with antibiotics",betamethasone and antibiotics,QD,QD07,QD07C,QD07CC,QD07CC01
DERMATOLOGICALS,"CORTICOSTEROIDS, DERMATOLOGICAL PREPARATIONS","CORTICOSTEROIDS, COMBINATIONS WITH ANTIBIOTICS","Corticosteroids, potent, combinations with antibiotics",fluocinolone acetonide and antibiotics,QD,QD07,QD07C,QD07CC,QD07CC02
DERMATOLOGICALS,"CORTICOSTEROIDS, DERMATOLOGICAL PREPARATIONS","CORTICOSTEROIDS, COMBINATIONS WITH ANTIBIOTICS","Corticosteroids, potent, combinations with antibiotics",fludroxycortide and antibiotics,QD,QD07,QD07C,QD07CC,QD07CC03
DERMATOLOGICALS,"CORTICOSTEROIDS, DERMATOLOGICAL PREPARATIONS","CORTICOSTEROIDS, COMBINATIONS WITH ANTIBIOTICS","Corticosteroids, potent, combinations with antibiotics",beclometasone and antibiotics,QD,QD07,QD07C,QD07CC,QD07CC04
DERMATOLOGICALS,"CORTICOSTEROIDS, DERMATOLOGICAL PREPARATIONS","CORTICOSTEROIDS, COMBINATIONS WITH ANTIBIOTICS","Corticosteroids, potent, combinations with antibiotics",fluocinonide and antibiotics,QD,QD07,QD07C,QD07CC,QD07CC05
DERMATOLOGICALS,"CORTICOSTEROIDS, DERMATOLOGICAL PREPARATIONS","CORTICOSTEROIDS, COMBINATIONS WITH ANTIBIOTICS","Corticosteroids, potent, combinations with antibiotics",fluocortolone and antibiotics,QD,QD07,QD07C,QD07CC,QD07CC06
DERMATOLOGICALS,"CORTICOSTEROIDS, DERMATOLOGICAL PREPARATIONS","CORTICOSTEROIDS, COMBINATIONS WITH ANTIBIOTICS","Corticosteroids, very potent, combinations with antibiotics",clobetasol and antibiotics,QD,QD07,QD07C,QD07CD,QD07CD01
DERMATOLOGICALS,"CORTICOSTEROIDS, DERMATOLOGICAL PREPARATIONS","CORTICOSTEROIDS, OTHER COMBINATIONS","Corticosteroids, weak, other combinations",hydrocortisone,QD,QD07,QD07X,QD07XA,QD07XA01
DERMATOLOGICALS,"CORTICOSTEROIDS, DERMATOLOGICAL PREPARATIONS","CORTICOSTEROIDS, OTHER COMBINATIONS","Corticosteroids, weak, other combinations",prednisolone,QD,QD07,QD07X,QD07XA,QD07XA02
DERMATOLOGICALS,"CORTICOSTEROIDS, DERMATOLOGICAL PREPARATIONS","CORTICOSTEROIDS, OTHER COMBINATIONS","Corticosteroids, moderately potent, other combinations",flumetasone,QD,QD07,QD07X,QD07XB,QD07XB01
DERMATOLOGICALS,"CORTICOSTEROIDS, DERMATOLOGICAL PREPARATIONS","CORTICOSTEROIDS, OTHER COMBINATIONS","Corticosteroids, moderately potent, other combinations",triamcinolone,QD,QD07,QD07X,QD07XB,QD07XB02
DERMATOLOGICALS,"CORTICOSTEROIDS, DERMATOLOGICAL PREPARATIONS","CORTICOSTEROIDS, OTHER COMBINATIONS","Corticosteroids, moderately potent, other combinations",fluprednidene,QD,QD07,QD07X,QD07XB,QD07XB03
DERMATOLOGICALS,"CORTICOSTEROIDS, DERMATOLOGICAL PREPARATIONS","CORTICOSTEROIDS, OTHER COMBINATIONS","Corticosteroids, moderately potent, other combinations",fluorometholone,QD,QD07,QD07X,QD07XB,QD07XB04
DERMATOLOGICALS,"CORTICOSTEROIDS, DERMATOLOGICAL PREPARATIONS","CORTICOSTEROIDS, OTHER COMBINATIONS","Corticosteroids, moderately potent, other combinations",dexamethasone,QD,QD07,QD07X,QD07XB,QD07XB05
DERMATOLOGICALS,"CORTICOSTEROIDS, DERMATOLOGICAL PREPARATIONS","CORTICOSTEROIDS, OTHER COMBINATIONS","Corticosteroids, moderately potent, other combinations",combinations of corticosteroids,QD,QD07,QD07X,QD07XB,QD07XB30
DERMATOLOGICALS,"CORTICOSTEROIDS, DERMATOLOGICAL PREPARATIONS","CORTICOSTEROIDS, OTHER COMBINATIONS","Corticosteroids, potent, other combinations",betamethasone,QD,QD07,QD07X,QD07XC,QD07XC01
DERMATOLOGICALS,"CORTICOSTEROIDS, DERMATOLOGICAL PREPARATIONS","CORTICOSTEROIDS, OTHER COMBINATIONS","Corticosteroids, potent, other combinations",desoximetasone,QD,QD07,QD07X,QD07XC,QD07XC02
DERMATOLOGICALS,"CORTICOSTEROIDS, DERMATOLOGICAL PREPARATIONS","CORTICOSTEROIDS, OTHER COMBINATIONS","Corticosteroids, potent, other combinations",mometasone,QD,QD07,QD07X,QD07XC,QD07XC03
DERMATOLOGICALS,"CORTICOSTEROIDS, DERMATOLOGICAL PREPARATIONS","CORTICOSTEROIDS, OTHER COMBINATIONS","Corticosteroids, potent, other combinations",diflucortolone,QD,QD07,QD07X,QD07XC,QD07XC04
DERMATOLOGICALS,"CORTICOSTEROIDS, DERMATOLOGICAL PREPARATIONS","CORTICOSTEROIDS, OTHER COMBINATIONS","Corticosteroids, potent, other combinations",fluocortolone,QD,QD07,QD07X,QD07XC,QD07XC05
DERMATOLOGICALS,ANTISEPTICS AND DISINFECTANTS,ANTISEPTICS AND DISINFECTANTS,Acridine derivatives,ethacridine lactate,QD,QD08,QD08A,QD08AA,QD08AA01
DERMATOLOGICALS,ANTISEPTICS AND DISINFECTANTS,ANTISEPTICS AND DISINFECTANTS,Acridine derivatives,aminoacridine,QD,QD08,QD08A,QD08AA,QD08AA02
DERMATOLOGICALS,ANTISEPTICS AND DISINFECTANTS,ANTISEPTICS AND DISINFECTANTS,Acridine derivatives,euflavine,QD,QD08,QD08A,QD08AA,QD08AA03
DERMATOLOGICALS,ANTISEPTICS AND DISINFECTANTS,ANTISEPTICS AND DISINFECTANTS,Acridine derivatives,"acridine derivatives, combinations",QD,QD08,QD08A,QD08AA,QD08AA99
DERMATOLOGICALS,ANTISEPTICS AND DISINFECTANTS,ANTISEPTICS AND DISINFECTANTS,Biguanides and amidines,dibromopropamidine,QD,QD08,QD08A,QD08AC,QD08AC01
DERMATOLOGICALS,ANTISEPTICS AND DISINFECTANTS,ANTISEPTICS AND DISINFECTANTS,Biguanides and amidines,chlorhexidine,QD,QD08,QD08A,QD08AC,QD08AC02
DERMATOLOGICALS,ANTISEPTICS AND DISINFECTANTS,ANTISEPTICS AND DISINFECTANTS,Biguanides and amidines,propamidine,QD,QD08,QD08A,QD08AC,QD08AC03
DERMATOLOGICALS,ANTISEPTICS AND DISINFECTANTS,ANTISEPTICS AND DISINFECTANTS,Biguanides and amidines,hexamidine,QD,QD08,QD08A,QD08AC,QD08AC04
DERMATOLOGICALS,ANTISEPTICS AND DISINFECTANTS,ANTISEPTICS AND DISINFECTANTS,Biguanides and amidines,polihexanide,QD,QD08,QD08A,QD08AC,QD08AC05
DERMATOLOGICALS,ANTISEPTICS AND DISINFECTANTS,ANTISEPTICS AND DISINFECTANTS,Biguanides and amidines,"chlorhexidine, combinations",QD,QD08,QD08A,QD08AC,QD08AC52
DERMATOLOGICALS,ANTISEPTICS AND DISINFECTANTS,ANTISEPTICS AND DISINFECTANTS,Biguanides and amidines,"hexamidine, combinations",QD,QD08,QD08A,QD08AC,QD08AC54
DERMATOLOGICALS,ANTISEPTICS AND DISINFECTANTS,ANTISEPTICS AND DISINFECTANTS,Phenol and derivatives,hexachlorophene,QD,QD08,QD08A,QD08AE,QD08AE01
DERMATOLOGICALS,ANTISEPTICS AND DISINFECTANTS,ANTISEPTICS AND DISINFECTANTS,Phenol and derivatives,policresulen,QD,QD08,QD08A,QD08AE,QD08AE02
DERMATOLOGICALS,ANTISEPTICS AND DISINFECTANTS,ANTISEPTICS AND DISINFECTANTS,Phenol and derivatives,phenol,QD,QD08,QD08A,QD08AE,QD08AE03
DERMATOLOGICALS,ANTISEPTICS AND DISINFECTANTS,ANTISEPTICS AND DISINFECTANTS,Phenol and derivatives,triclosan,QD,QD08,QD08A,QD08AE,QD08AE04
DERMATOLOGICALS,ANTISEPTICS AND DISINFECTANTS,ANTISEPTICS AND DISINFECTANTS,Phenol and derivatives,chloroxylenol,QD,QD08,QD08A,QD08AE,QD08AE05
DERMATOLOGICALS,ANTISEPTICS AND DISINFECTANTS,ANTISEPTICS AND DISINFECTANTS,Phenol and derivatives,biphenylol,QD,QD08,QD08A,QD08AE,QD08AE06
DERMATOLOGICALS,ANTISEPTICS AND DISINFECTANTS,ANTISEPTICS AND DISINFECTANTS,Phenol and derivatives,"phenol and derivatives, combinations",QD,QD08,QD08A,QD08AE,QD08AE99
DERMATOLOGICALS,ANTISEPTICS AND DISINFECTANTS,ANTISEPTICS AND DISINFECTANTS,Nitrofuran derivatives,nitrofural,QD,QD08,QD08A,QD08AF,QD08AF01
DERMATOLOGICALS,ANTISEPTICS AND DISINFECTANTS,ANTISEPTICS AND DISINFECTANTS,Iodine products,iodine/octylphenoxypolyglycolether,QD,QD08,QD08A,QD08AG,QD08AG01
DERMATOLOGICALS,ANTISEPTICS AND DISINFECTANTS,ANTISEPTICS AND DISINFECTANTS,Iodine products,povidone-iodine,QD,QD08,QD08A,QD08AG,QD08AG02
DERMATOLOGICALS,ANTISEPTICS AND DISINFECTANTS,ANTISEPTICS AND DISINFECTANTS,Iodine products,iodine,QD,QD08,QD08A,QD08AG,QD08AG03
DERMATOLOGICALS,ANTISEPTICS AND DISINFECTANTS,ANTISEPTICS AND DISINFECTANTS,Iodine products,diiodohydroxypropane,QD,QD08,QD08A,QD08AG,QD08AG04
DERMATOLOGICALS,ANTISEPTICS AND DISINFECTANTS,ANTISEPTICS AND DISINFECTANTS,Iodine products,"iodine, combinations",QD,QD08,QD08A,QD08AG,QD08AG53
DERMATOLOGICALS,ANTISEPTICS AND DISINFECTANTS,ANTISEPTICS AND DISINFECTANTS,Quinoline derivatives,dequalinium,QD,QD08,QD08A,QD08AH,QD08AH01
DERMATOLOGICALS,ANTISEPTICS AND DISINFECTANTS,ANTISEPTICS AND DISINFECTANTS,Quinoline derivatives,chlorquinaldol,QD,QD08,QD08A,QD08AH,QD08AH02
DERMATOLOGICALS,ANTISEPTICS AND DISINFECTANTS,ANTISEPTICS AND DISINFECTANTS,Quinoline derivatives,oxyquinoline,QD,QD08,QD08A,QD08AH,QD08AH03
DERMATOLOGICALS,ANTISEPTICS AND DISINFECTANTS,ANTISEPTICS AND DISINFECTANTS,Quinoline derivatives,clioquinol,QD,QD08,QD08A,QD08AH,QD08AH30
DERMATOLOGICALS,ANTISEPTICS AND DISINFECTANTS,ANTISEPTICS AND DISINFECTANTS,Quaternary ammonium compounds,benzalkonium,QD,QD08,QD08A,QD08AJ,QD08AJ01
DERMATOLOGICALS,ANTISEPTICS AND DISINFECTANTS,ANTISEPTICS AND DISINFECTANTS,Quaternary ammonium compounds,cetrimonium,QD,QD08,QD08A,QD08AJ,QD08AJ02
DERMATOLOGICALS,ANTISEPTICS AND DISINFECTANTS,ANTISEPTICS AND DISINFECTANTS,Quaternary ammonium compounds,cetylpyridinium,QD,QD08,QD08A,QD08AJ,QD08AJ03
DERMATOLOGICALS,ANTISEPTICS AND DISINFECTANTS,ANTISEPTICS AND DISINFECTANTS,Quaternary ammonium compounds,cetrimide,QD,QD08,QD08A,QD08AJ,QD08AJ04
DERMATOLOGICALS,ANTISEPTICS AND DISINFECTANTS,ANTISEPTICS AND DISINFECTANTS,Quaternary ammonium compounds,benzoxonium chloride,QD,QD08,QD08A,QD08AJ,QD08AJ05
DERMATOLOGICALS,ANTISEPTICS AND DISINFECTANTS,ANTISEPTICS AND DISINFECTANTS,Quaternary ammonium compounds,didecyldimethylammonium chloride,QD,QD08,QD08A,QD08AJ,QD08AJ06
DERMATOLOGICALS,ANTISEPTICS AND DISINFECTANTS,ANTISEPTICS AND DISINFECTANTS,Quaternary ammonium compounds,benzethonium chloride,QD,QD08,QD08A,QD08AJ,QD08AJ08
DERMATOLOGICALS,ANTISEPTICS AND DISINFECTANTS,ANTISEPTICS AND DISINFECTANTS,Quaternary ammonium compounds,decamethoxine,QD,QD08,QD08A,QD08AJ,QD08AJ10
DERMATOLOGICALS,ANTISEPTICS AND DISINFECTANTS,ANTISEPTICS AND DISINFECTANTS,Quaternary ammonium compounds,"octenidine, combinations",QD,QD08,QD08A,QD08AJ,QD08AJ57
DERMATOLOGICALS,ANTISEPTICS AND DISINFECTANTS,ANTISEPTICS AND DISINFECTANTS,Quaternary ammonium compounds,"benzethonium chloride, combinations",QD,QD08,QD08A,QD08AJ,QD08AJ58
DERMATOLOGICALS,ANTISEPTICS AND DISINFECTANTS,ANTISEPTICS AND DISINFECTANTS,Quaternary ammonium compounds,"dodeclonium bromide, combinations",QD,QD08,QD08A,QD08AJ,QD08AJ59
DERMATOLOGICALS,ANTISEPTICS AND DISINFECTANTS,ANTISEPTICS AND DISINFECTANTS,Mercurial products,mercuric amidochloride,QD,QD08,QD08A,QD08AK,QD08AK01
DERMATOLOGICALS,ANTISEPTICS AND DISINFECTANTS,ANTISEPTICS AND DISINFECTANTS,Mercurial products,phenylmercuric borate,QD,QD08,QD08A,QD08AK,QD08AK02
DERMATOLOGICALS,ANTISEPTICS AND DISINFECTANTS,ANTISEPTICS AND DISINFECTANTS,Mercurial products,mercuric chloride,QD,QD08,QD08A,QD08AK,QD08AK03
DERMATOLOGICALS,ANTISEPTICS AND DISINFECTANTS,ANTISEPTICS AND DISINFECTANTS,Mercurial products,merbromin,QD,QD08,QD08A,QD08AK,QD08AK04
DERMATOLOGICALS,ANTISEPTICS AND DISINFECTANTS,ANTISEPTICS AND DISINFECTANTS,Mercurial products,"mercury, metallic",QD,QD08,QD08A,QD08AK,QD08AK05
DERMATOLOGICALS,ANTISEPTICS AND DISINFECTANTS,ANTISEPTICS AND DISINFECTANTS,Mercurial products,thiomersal,QD,QD08,QD08A,QD08AK,QD08AK06
DERMATOLOGICALS,ANTISEPTICS AND DISINFECTANTS,ANTISEPTICS AND DISINFECTANTS,Mercurial products,mercuric iodide,QD,QD08,QD08A,QD08AK,QD08AK30
DERMATOLOGICALS,ANTISEPTICS AND DISINFECTANTS,ANTISEPTICS AND DISINFECTANTS,Mercurial products,"phenylmercuric borate, combinations",QD,QD08,QD08A,QD08AK,QD08AK52
DERMATOLOGICALS,ANTISEPTICS AND DISINFECTANTS,ANTISEPTICS AND DISINFECTANTS,Silver compounds,silver nitrate,QD,QD08,QD08A,QD08AL,QD08AL01
DERMATOLOGICALS,ANTISEPTICS AND DISINFECTANTS,ANTISEPTICS AND DISINFECTANTS,Silver compounds,silver,QD,QD08,QD08A,QD08AL,QD08AL30
DERMATOLOGICALS,ANTISEPTICS AND DISINFECTANTS,ANTISEPTICS AND DISINFECTANTS,Other antiseptics and disinfectants,hydrogen peroxide,QD,QD08,QD08A,QD08AX,QD08AX01
DERMATOLOGICALS,ANTISEPTICS AND DISINFECTANTS,ANTISEPTICS AND DISINFECTANTS,Other antiseptics and disinfectants,eosin,QD,QD08,QD08A,QD08AX,QD08AX02
DERMATOLOGICALS,ANTISEPTICS AND DISINFECTANTS,ANTISEPTICS AND DISINFECTANTS,Other antiseptics and disinfectants,propanol,QD,QD08,QD08A,QD08AX,QD08AX03
DERMATOLOGICALS,ANTISEPTICS AND DISINFECTANTS,ANTISEPTICS AND DISINFECTANTS,Other antiseptics and disinfectants,tosylchloramide sodium,QD,QD08,QD08A,QD08AX,QD08AX04
DERMATOLOGICALS,ANTISEPTICS AND DISINFECTANTS,ANTISEPTICS AND DISINFECTANTS,Other antiseptics and disinfectants,isopropanol,QD,QD08,QD08A,QD08AX,QD08AX05
DERMATOLOGICALS,ANTISEPTICS AND DISINFECTANTS,ANTISEPTICS AND DISINFECTANTS,Other antiseptics and disinfectants,potassium permanganate,QD,QD08,QD08A,QD08AX,QD08AX06
DERMATOLOGICALS,ANTISEPTICS AND DISINFECTANTS,ANTISEPTICS AND DISINFECTANTS,Other antiseptics and disinfectants,sodium hypochlorite,QD,QD08,QD08A,QD08AX,QD08AX07
DERMATOLOGICALS,ANTISEPTICS AND DISINFECTANTS,ANTISEPTICS AND DISINFECTANTS,Other antiseptics and disinfectants,ethanol,QD,QD08,QD08A,QD08AX,QD08AX08
DERMATOLOGICALS,ANTISEPTICS AND DISINFECTANTS,ANTISEPTICS AND DISINFECTANTS,Other antiseptics and disinfectants,"propanol, combinations",QD,QD08,QD08A,QD08AX,QD08AX53
DERMATOLOGICALS,MEDICATED DRESSINGS,MEDICATED DRESSINGS,Medicated dressings with antiinfectives,framycetin,QD,QD09,QD09A,QD09AA,QD09AA01
DERMATOLOGICALS,MEDICATED DRESSINGS,MEDICATED DRESSINGS,Medicated dressings with antiinfectives,fusidic acid,QD,QD09,QD09A,QD09AA,QD09AA02
DERMATOLOGICALS,MEDICATED DRESSINGS,MEDICATED DRESSINGS,Medicated dressings with antiinfectives,nitrofural,QD,QD09,QD09A,QD09AA,QD09AA03
DERMATOLOGICALS,MEDICATED DRESSINGS,MEDICATED DRESSINGS,Medicated dressings with antiinfectives,phenylmercuric nitrate,QD,QD09,QD09A,QD09AA,QD09AA04
DERMATOLOGICALS,MEDICATED DRESSINGS,MEDICATED DRESSINGS,Medicated dressings with antiinfectives,benzododecinium,QD,QD09,QD09A,QD09AA,QD09AA05
DERMATOLOGICALS,MEDICATED DRESSINGS,MEDICATED DRESSINGS,Medicated dressings with antiinfectives,triclosan,QD,QD09,QD09A,QD09AA,QD09AA06
DERMATOLOGICALS,MEDICATED DRESSINGS,MEDICATED DRESSINGS,Medicated dressings with antiinfectives,cetylpyridinium,QD,QD09,QD09A,QD09AA,QD09AA07
DERMATOLOGICALS,MEDICATED DRESSINGS,MEDICATED DRESSINGS,Medicated dressings with antiinfectives,aluminium chlorohydrate,QD,QD09,QD09A,QD09AA,QD09AA08
DERMATOLOGICALS,MEDICATED DRESSINGS,MEDICATED DRESSINGS,Medicated dressings with antiinfectives,povidone-iodine,QD,QD09,QD09A,QD09AA,QD09AA09
DERMATOLOGICALS,MEDICATED DRESSINGS,MEDICATED DRESSINGS,Medicated dressings with antiinfectives,clioquinol,QD,QD09,QD09A,QD09AA,QD09AA10
DERMATOLOGICALS,MEDICATED DRESSINGS,MEDICATED DRESSINGS,Medicated dressings with antiinfectives,benzalkonium,QD,QD09,QD09A,QD09AA,QD09AA11
DERMATOLOGICALS,MEDICATED DRESSINGS,MEDICATED DRESSINGS,Medicated dressings with antiinfectives,chlorhexidine,QD,QD09,QD09A,QD09AA,QD09AA12
DERMATOLOGICALS,MEDICATED DRESSINGS,MEDICATED DRESSINGS,Medicated dressings with antiinfectives,iodoform,QD,QD09,QD09A,QD09AA,QD09AA13
DERMATOLOGICALS,MEDICATED DRESSINGS,MEDICATED DRESSINGS,Zinc bandages,zinc bandage without supplements,QD,QD09,QD09A,QD09AB,QD09AB01
DERMATOLOGICALS,MEDICATED DRESSINGS,MEDICATED DRESSINGS,Zinc bandages,zinc bandage with supplements,QD,QD09,QD09A,QD09AB,QD09AB02
DERMATOLOGICALS,ANTI-ACNE PREPARATIONS,ANTI-ACNE PREPARATIONS FOR TOPICAL USE,"Corticosteroides, combinations for treatment of acne",fluorometholone,QD,QD10,QD10A,QD10AA,QD10AA01
DERMATOLOGICALS,ANTI-ACNE PREPARATIONS,ANTI-ACNE PREPARATIONS FOR TOPICAL USE,"Corticosteroides, combinations for treatment of acne",methylprednisolone,QD,QD10,QD10A,QD10AA,QD10AA02
DERMATOLOGICALS,ANTI-ACNE PREPARATIONS,ANTI-ACNE PREPARATIONS FOR TOPICAL USE,"Corticosteroides, combinations for treatment of acne",dexamethasone,QD,QD10,QD10A,QD10AA,QD10AA03
DERMATOLOGICALS,ANTI-ACNE PREPARATIONS,ANTI-ACNE PREPARATIONS FOR TOPICAL USE,Preparations containing sulfur,bithionol,QD,QD10,QD10A,QD10AB,QD10AB01
DERMATOLOGICALS,ANTI-ACNE PREPARATIONS,ANTI-ACNE PREPARATIONS FOR TOPICAL USE,Preparations containing sulfur,sulfur,QD,QD10,QD10A,QD10AB,QD10AB02
DERMATOLOGICALS,ANTI-ACNE PREPARATIONS,ANTI-ACNE PREPARATIONS FOR TOPICAL USE,Preparations containing sulfur,tioxolone,QD,QD10,QD10A,QD10AB,QD10AB03
DERMATOLOGICALS,ANTI-ACNE PREPARATIONS,ANTI-ACNE PREPARATIONS FOR TOPICAL USE,Preparations containing sulfur,mesulfen,QD,QD10,QD10A,QD10AB,QD10AB05
DERMATOLOGICALS,ANTI-ACNE PREPARATIONS,ANTI-ACNE PREPARATIONS FOR TOPICAL USE,Retinoids for topical use in acne,tretinoin,QD,QD10,QD10A,QD10AD,QD10AD01
DERMATOLOGICALS,ANTI-ACNE PREPARATIONS,ANTI-ACNE PREPARATIONS FOR TOPICAL USE,Retinoids for topical use in acne,retinol,QD,QD10,QD10A,QD10AD,QD10AD02
DERMATOLOGICALS,ANTI-ACNE PREPARATIONS,ANTI-ACNE PREPARATIONS FOR TOPICAL USE,Retinoids for topical use in acne,adapalene,QD,QD10,QD10A,QD10AD,QD10AD03
DERMATOLOGICALS,ANTI-ACNE PREPARATIONS,ANTI-ACNE PREPARATIONS FOR TOPICAL USE,Retinoids for topical use in acne,isotretinoin,QD,QD10,QD10A,QD10AD,QD10AD04
DERMATOLOGICALS,ANTI-ACNE PREPARATIONS,ANTI-ACNE PREPARATIONS FOR TOPICAL USE,Retinoids for topical use in acne,motretinide,QD,QD10,QD10A,QD10AD,QD10AD05
DERMATOLOGICALS,ANTI-ACNE PREPARATIONS,ANTI-ACNE PREPARATIONS FOR TOPICAL USE,Retinoids for topical use in acne,trifarotene,QD,QD10,QD10A,QD10AD,QD10AD06
DERMATOLOGICALS,ANTI-ACNE PREPARATIONS,ANTI-ACNE PREPARATIONS FOR TOPICAL USE,Retinoids for topical use in acne,"tretinoin, combinations",QD,QD10,QD10A,QD10AD,QD10AD51
DERMATOLOGICALS,ANTI-ACNE PREPARATIONS,ANTI-ACNE PREPARATIONS FOR TOPICAL USE,Retinoids for topical use in acne,"adapalene, combinations",QD,QD10,QD10A,QD10AD,QD10AD53
DERMATOLOGICALS,ANTI-ACNE PREPARATIONS,ANTI-ACNE PREPARATIONS FOR TOPICAL USE,Retinoids for topical use in acne,"isotretinoin, combinations",QD,QD10,QD10A,QD10AD,QD10AD54
DERMATOLOGICALS,ANTI-ACNE PREPARATIONS,ANTI-ACNE PREPARATIONS FOR TOPICAL USE,Peroxides,benzoyl peroxide,QD,QD10,QD10A,QD10AE,QD10AE01
DERMATOLOGICALS,ANTI-ACNE PREPARATIONS,ANTI-ACNE PREPARATIONS FOR TOPICAL USE,Peroxides,"benzoyl peroxide, combinations",QD,QD10,QD10A,QD10AE,QD10AE51
DERMATOLOGICALS,ANTI-ACNE PREPARATIONS,ANTI-ACNE PREPARATIONS FOR TOPICAL USE,Antiinfectives for treatment of acne,clindamycin,QD,QD10,QD10A,QD10AF,QD10AF01
DERMATOLOGICALS,ANTI-ACNE PREPARATIONS,ANTI-ACNE PREPARATIONS FOR TOPICAL USE,Antiinfectives for treatment of acne,erythromycin,QD,QD10,QD10A,QD10AF,QD10AF02
DERMATOLOGICALS,ANTI-ACNE PREPARATIONS,ANTI-ACNE PREPARATIONS FOR TOPICAL USE,Antiinfectives for treatment of acne,chloramphenicol,QD,QD10,QD10A,QD10AF,QD10AF03
DERMATOLOGICALS,ANTI-ACNE PREPARATIONS,ANTI-ACNE PREPARATIONS FOR TOPICAL USE,Antiinfectives for treatment of acne,meclocycline,QD,QD10,QD10A,QD10AF,QD10AF04
DERMATOLOGICALS,ANTI-ACNE PREPARATIONS,ANTI-ACNE PREPARATIONS FOR TOPICAL USE,Antiinfectives for treatment of acne,nadifloxacin,QD,QD10,QD10A,QD10AF,QD10AF05
DERMATOLOGICALS,ANTI-ACNE PREPARATIONS,ANTI-ACNE PREPARATIONS FOR TOPICAL USE,Antiinfectives for treatment of acne,sulfacetamide,QD,QD10,QD10A,QD10AF,QD10AF06
DERMATOLOGICALS,ANTI-ACNE PREPARATIONS,ANTI-ACNE PREPARATIONS FOR TOPICAL USE,Antiinfectives for treatment of acne,"clindamycin, combinations",QD,QD10,QD10A,QD10AF,QD10AF51
DERMATOLOGICALS,ANTI-ACNE PREPARATIONS,ANTI-ACNE PREPARATIONS FOR TOPICAL USE,Antiinfectives for treatment of acne,"erythromycine, combinations",QD,QD10,QD10A,QD10AF,QD10AF52
DERMATOLOGICALS,ANTI-ACNE PREPARATIONS,ANTI-ACNE PREPARATIONS FOR TOPICAL USE,Other anti-acne preparations for topical use,aluminium chloride,QD,QD10,QD10A,QD10AX,QD10AX01
DERMATOLOGICALS,ANTI-ACNE PREPARATIONS,ANTI-ACNE PREPARATIONS FOR TOPICAL USE,Other anti-acne preparations for topical use,resorcinol,QD,QD10,QD10A,QD10AX,QD10AX02
DERMATOLOGICALS,ANTI-ACNE PREPARATIONS,ANTI-ACNE PREPARATIONS FOR TOPICAL USE,Other anti-acne preparations for topical use,azelaic acid,QD,QD10,QD10A,QD10AX,QD10AX03
DERMATOLOGICALS,ANTI-ACNE PREPARATIONS,ANTI-ACNE PREPARATIONS FOR TOPICAL USE,Other anti-acne preparations for topical use,aluminium oxide,QD,QD10,QD10A,QD10AX,QD10AX04
DERMATOLOGICALS,ANTI-ACNE PREPARATIONS,ANTI-ACNE PREPARATIONS FOR TOPICAL USE,Other anti-acne preparations for topical use,dapsone,QD,QD10,QD10A,QD10AX,QD10AX05
DERMATOLOGICALS,ANTI-ACNE PREPARATIONS,ANTI-ACNE PREPARATIONS FOR TOPICAL USE,Other anti-acne preparations for topical use,various combinations,QD,QD10,QD10A,QD10AX,QD10AX30
DERMATOLOGICALS,ANTI-ACNE PREPARATIONS,ANTI-ACNE PREPARATIONS FOR SYSTEMIC USE,Retinoids for treatment of acne,isotretinoin,QD,QD10,QD10B,QD10BA,QD10BA01
DERMATOLOGICALS,ANTI-ACNE PREPARATIONS,ANTI-ACNE PREPARATIONS FOR SYSTEMIC USE,Other anti-acne preparations for systemic use,ichtasol,QD,QD10,QD10B,QD10BX,QD10BX01
DERMATOLOGICALS,OTHER DERMATOLOGICAL PREPARATIONS,OTHER DERMATOLOGICAL PREPARATIONS,Antihidrotics,glycopyrronium,QD,QD11,QD11A,QD11AA,QD11AA01
DERMATOLOGICALS,OTHER DERMATOLOGICAL PREPARATIONS,OTHER DERMATOLOGICAL PREPARATIONS,Medicated shampoos,cetrimide,QD,QD11,QD11A,QD11AC,QD11AC01
DERMATOLOGICALS,OTHER DERMATOLOGICAL PREPARATIONS,OTHER DERMATOLOGICAL PREPARATIONS,Medicated shampoos,cadmium compounds,QD,QD11,QD11A,QD11AC,QD11AC02
DERMATOLOGICALS,OTHER DERMATOLOGICAL PREPARATIONS,OTHER DERMATOLOGICAL PREPARATIONS,Medicated shampoos,selenium compounds,QD,QD11,QD11A,QD11AC,QD11AC03
DERMATOLOGICALS,OTHER DERMATOLOGICAL PREPARATIONS,OTHER DERMATOLOGICAL PREPARATIONS,Medicated shampoos,povidone-iodine,QD,QD11,QD11A,QD11AC,QD11AC06
DERMATOLOGICALS,OTHER DERMATOLOGICAL PREPARATIONS,OTHER DERMATOLOGICAL PREPARATIONS,Medicated shampoos,sulfur compounds,QD,QD11,QD11A,QD11AC,QD11AC08
DERMATOLOGICALS,OTHER DERMATOLOGICAL PREPARATIONS,OTHER DERMATOLOGICAL PREPARATIONS,Medicated shampoos,xenysalate,QD,QD11,QD11A,QD11AC,QD11AC09
DERMATOLOGICALS,OTHER DERMATOLOGICAL PREPARATIONS,OTHER DERMATOLOGICAL PREPARATIONS,Medicated shampoos,others,QD,QD11,QD11A,QD11AC,QD11AC30
DERMATOLOGICALS,OTHER DERMATOLOGICAL PREPARATIONS,OTHER DERMATOLOGICAL PREPARATIONS,Androgens for topical use,metandienone,QD,QD11,QD11A,QD11AE,QD11AE01
DERMATOLOGICALS,OTHER DERMATOLOGICAL PREPARATIONS,OTHER DERMATOLOGICAL PREPARATIONS,"Agents for dermatitis, excluding corticosteroids",tacrolimus,QD,QD11,QD11A,QD11AH,QD11AH01
DERMATOLOGICALS,OTHER DERMATOLOGICAL PREPARATIONS,OTHER DERMATOLOGICAL PREPARATIONS,"Agents for dermatitis, excluding corticosteroids",pimecrolimus,QD,QD11,QD11A,QD11AH,QD11AH02
DERMATOLOGICALS,OTHER DERMATOLOGICAL PREPARATIONS,OTHER DERMATOLOGICAL PREPARATIONS,"Agents for dermatitis, excluding corticosteroids",cromoglicic acid,QD,QD11,QD11A,QD11AH,QD11AH03
DERMATOLOGICALS,OTHER DERMATOLOGICAL PREPARATIONS,OTHER DERMATOLOGICAL PREPARATIONS,"Agents for dermatitis, excluding corticosteroids",alitretinoin,QD,QD11,QD11A,QD11AH,QD11AH04
DERMATOLOGICALS,OTHER DERMATOLOGICAL PREPARATIONS,OTHER DERMATOLOGICAL PREPARATIONS,"Agents for dermatitis, excluding corticosteroids",dupilumab,QD,QD11,QD11A,QD11AH,QD11AH05
DERMATOLOGICALS,OTHER DERMATOLOGICAL PREPARATIONS,OTHER DERMATOLOGICAL PREPARATIONS,"Agents for dermatitis, excluding corticosteroids",crisaborole,QD,QD11,QD11A,QD11AH,QD11AH06
DERMATOLOGICALS,OTHER DERMATOLOGICAL PREPARATIONS,OTHER DERMATOLOGICAL PREPARATIONS,"Agents for dermatitis, excluding corticosteroids",oclacitinib,QD,QD11,QD11A,QD11AH,QD11AH90
DERMATOLOGICALS,OTHER DERMATOLOGICAL PREPARATIONS,OTHER DERMATOLOGICAL PREPARATIONS,"Agents for dermatitis, excluding corticosteroids",lokivetmab,QD,QD11,QD11A,QD11AH,QD11AH91
DERMATOLOGICALS,OTHER DERMATOLOGICAL PREPARATIONS,OTHER DERMATOLOGICAL PREPARATIONS,Other dermatologicals,"minoxidil, topical",QD,QD11,QD11A,QD11AX,QD11AX01
DERMATOLOGICALS,OTHER DERMATOLOGICAL PREPARATIONS,OTHER DERMATOLOGICAL PREPARATIONS,Other dermatologicals,gamolenic acid,QD,QD11,QD11A,QD11AX,QD11AX02
DERMATOLOGICALS,OTHER DERMATOLOGICAL PREPARATIONS,OTHER DERMATOLOGICAL PREPARATIONS,Other dermatologicals,calcium gluconate,QD,QD11,QD11A,QD11AX,QD11AX03
DERMATOLOGICALS,OTHER DERMATOLOGICAL PREPARATIONS,OTHER DERMATOLOGICAL PREPARATIONS,Other dermatologicals,lithium succinate,QD,QD11,QD11A,QD11AX,QD11AX04
DERMATOLOGICALS,OTHER DERMATOLOGICAL PREPARATIONS,OTHER DERMATOLOGICAL PREPARATIONS,Other dermatologicals,magnesium sulphate,QD,QD11,QD11A,QD11AX,QD11AX05
DERMATOLOGICALS,OTHER DERMATOLOGICAL PREPARATIONS,OTHER DERMATOLOGICAL PREPARATIONS,Other dermatologicals,mequinol,QD,QD11,QD11A,QD11AX,QD11AX06
DERMATOLOGICALS,OTHER DERMATOLOGICAL PREPARATIONS,OTHER DERMATOLOGICAL PREPARATIONS,Other dermatologicals,tiratricol,QD,QD11,QD11A,QD11AX,QD11AX08
DERMATOLOGICALS,OTHER DERMATOLOGICAL PREPARATIONS,OTHER DERMATOLOGICAL PREPARATIONS,Other dermatologicals,oxaceprol,QD,QD11,QD11A,QD11AX,QD11AX09
DERMATOLOGICALS,OTHER DERMATOLOGICAL PREPARATIONS,OTHER DERMATOLOGICAL PREPARATIONS,Other dermatologicals,finasteride,QD,QD11,QD11A,QD11AX,QD11AX10
DERMATOLOGICALS,OTHER DERMATOLOGICAL PREPARATIONS,OTHER DERMATOLOGICAL PREPARATIONS,Other dermatologicals,hydroquinone,QD,QD11,QD11A,QD11AX,QD11AX11
DERMATOLOGICALS,OTHER DERMATOLOGICAL PREPARATIONS,OTHER DERMATOLOGICAL PREPARATIONS,Other dermatologicals,pyrithione zinc,QD,QD11,QD11A,QD11AX,QD11AX12
DERMATOLOGICALS,OTHER DERMATOLOGICAL PREPARATIONS,OTHER DERMATOLOGICAL PREPARATIONS,Other dermatologicals,monobenzone,QD,QD11,QD11A,QD11AX,QD11AX13
DERMATOLOGICALS,OTHER DERMATOLOGICAL PREPARATIONS,OTHER DERMATOLOGICAL PREPARATIONS,Other dermatologicals,eflornithine,QD,QD11,QD11A,QD11AX,QD11AX16
DERMATOLOGICALS,OTHER DERMATOLOGICAL PREPARATIONS,OTHER DERMATOLOGICAL PREPARATIONS,Other dermatologicals,diclofenac,QD,QD11,QD11A,QD11AX,QD11AX18
DERMATOLOGICALS,OTHER DERMATOLOGICAL PREPARATIONS,OTHER DERMATOLOGICAL PREPARATIONS,Other dermatologicals,brimonidine,QD,QD11,QD11A,QD11AX,QD11AX21
DERMATOLOGICALS,OTHER DERMATOLOGICAL PREPARATIONS,OTHER DERMATOLOGICAL PREPARATIONS,Other dermatologicals,ivermectin,QD,QD11,QD11A,QD11AX,QD11AX22
DERMATOLOGICALS,OTHER DERMATOLOGICAL PREPARATIONS,OTHER DERMATOLOGICAL PREPARATIONS,Other dermatologicals,aminobenzoate potassium,QD,QD11,QD11A,QD11AX,QD11AX23
DERMATOLOGICALS,OTHER DERMATOLOGICAL PREPARATIONS,OTHER DERMATOLOGICAL PREPARATIONS,Other dermatologicals,deoxycholic acid,QD,QD11,QD11A,QD11AX,QD11AX24
DERMATOLOGICALS,OTHER DERMATOLOGICAL PREPARATIONS,OTHER DERMATOLOGICAL PREPARATIONS,Other dermatologicals,hydrogen peroxide,QD,QD11,QD11A,QD11AX,QD11AX25
DERMATOLOGICALS,OTHER DERMATOLOGICAL PREPARATIONS,OTHER DERMATOLOGICAL PREPARATIONS,Other dermatologicals,"gamolenic acid, combinations",QD,QD11,QD11A,QD11AX,QD11AX52
DERMATOLOGICALS,OTHER DERMATOLOGICAL PREPARATIONS,OTHER DERMATOLOGICAL PREPARATIONS,Other dermatologicals,"collagen, combinations",QD,QD11,QD11A,QD11AX,QD11AX57
DERMATOLOGICALS,OTHER DERMATOLOGICAL PREPARATIONS,OTHER DERMATOLOGICAL PREPARATIONS,Other dermatologicals,benzoylperoxide,QD,QD11,QD11A,QD11AX,QD11AX90
